<?xml version="1.0" encoding="UTF-8"?>
<alto xmlns:xsi="http://www.w3.org/2001/XMLSchema-instance"
      xmlns="http://www.loc.gov/standards/alto/ns-v4#"
      xsi:schemaLocation="http://www.loc.gov/standards/alto/ns-v4# http://www.loc.gov/standards/alto/v4/alto-4-2.xsd">
  <Description>
    <MeasurementUnit>pixel</MeasurementUnit>
    <sourceImageInformation>
      <fileName>Andromaque.jpg</fileName>
    </sourceImageInformation>
  </Description>
  <Tags>
    <OtherTag ID="BT7" LABEL="CustomZone" DESCRIPTION="block type CustomZone"/><OtherTag ID="BT8" LABEL="DamageZone" DESCRIPTION="block type DamageZone"/><OtherTag ID="BT9" LABEL="DigitizationArtefactZone" DESCRIPTION="block type DigitizationArtefactZone"/><OtherTag ID="BT10" LABEL="DropCapitalZone" DESCRIPTION="block type DropCapitalZone"/><OtherTag ID="BT11" LABEL="GraphicZone" DESCRIPTION="block type GraphicZone"/><OtherTag ID="BT12" LABEL="MainZone" DESCRIPTION="block type MainZone"/><OtherTag ID="BT13" LABEL="MarginTextZone" DESCRIPTION="block type MarginTextZone"/><OtherTag ID="BT14" LABEL="MusicZone" DESCRIPTION="block type MusicZone"/><OtherTag ID="BT15" LABEL="NumberingZone" DESCRIPTION="block type NumberingZone"/><OtherTag ID="BT17" LABEL="QuireMarksZone" DESCRIPTION="block type QuireMarksZone"/><OtherTag ID="BT18" LABEL="RunningTitleZone" DESCRIPTION="block type RunningTitleZone"/><OtherTag ID="BT19" LABEL="SealZone" DESCRIPTION="block type SealZone"/><OtherTag ID="BT20" LABEL="StampZone" DESCRIPTION="block type StampZone"/><OtherTag ID="BT21" LABEL="TableZone" DESCRIPTION="block type TableZone"/><OtherTag ID="BT22" LABEL="TitlePageZone" DESCRIPTION="block type TitlePageZone"/>
    <OtherTag ID="LT7" LABEL="CustomLine" DESCRIPTION="line type CustomLine"/><OtherTag ID="LT8" LABEL="DefaultLine" DESCRIPTION="line type DefaultLine"/><OtherTag ID="LT9" LABEL="DropCapitalLine" DESCRIPTION="line type DropCapitalLine"/><OtherTag ID="LT10" LABEL="HeadingLine" DESCRIPTION="line type HeadingLine"/><OtherTag ID="LT11" LABEL="InterlinearLine" DESCRIPTION="line type InterlinearLine"/><OtherTag ID="LT12" LABEL="MusicLine" DESCRIPTION="line type MusicLine"/><OtherTag ID="LT1202" LABEL="default" DESCRIPTION="line type default"/>
  </Tags>
  <Layout>
    <Page WIDTH="2569"
          HEIGHT="3641"
          PHYSICAL_IMG_NR="0"
          ID="eSc_dummypage_">
      <PrintSpace HPOS="0"
                  VPOS="0"
                  WIDTH="2569"
                  HEIGHT="3641">
        <TextBlock HPOS="546"
                   VPOS="356"
                   WIDTH="1858"
                   HEIGHT="2903"
                   ID="eSc_textblock_001a0d15"
                   >
          <Shape><Polygon POINTS="546 356 624 3259 2404 3259 2404 383"/></Shape>
          <TextLine ID="eSc_line_ba65e1ed"
                    TAGREFS="LT1202"
                    BASELINE="596 412 827 402 1622 398 2354 408" 
                    HPOS="596"
                    VPOS="331"
                    WIDTH="1758"
                    HEIGHT="101">
            <Shape><Polygon POINTS="2334 360 2314 360 2293 358 2273 356 2253 353 2233 351 2212 349 2192 349 2172 347 2152 345 2132 343 2111 341 2091 339 2071 339 2051 337 1879 345 1816 333 1814 333 1812 333 1786 347 1753 337 1751 337 1749 337 1747 337 1717 349 1569 333 1567 333 1565 333 1529 349 1411 337 1409 337 1407 337 1377 351 1262 351 1229 335 1227 335 1225 335 1223 335 1171 349 1132 333 1130 333 1128 333 1126 333 1124 333 1096 351 1025 351 968 349 944 331 942 331 940 331 938 331 821 349 596 349 596 412 596 428 1013 418 1041 430 1043 430 1045 430 1106 420 1268 430 1270 432 1537 432 1537 430 1539 430 1581 420 2350 430 2354 408 2352 360 2334 360"/></Shape>
            <String CONTENT=""
                    HPOS="596"
                    VPOS="331"
                    WIDTH="1758"
                    HEIGHT="101"
                    ></String>
          </TextLine>
          <TextLine ID="eSc_line_0210ed34"
                    TAGREFS="LT1202"
                    BASELINE="592 483 1642 475 2352 483" 
                    HPOS="590"
                    VPOS="414"
                    WIDTH="1762"
                    HEIGHT="91">
            <Shape><Polygon POINTS="592 483 592 505 758 495 855 505 857 505 942 495 1128 505 1130 505 1199 495 1284 505 1286 505 1549 495 1610 505 1612 505 1782 493 2348 503 2352 483 2350 426 2320 414 2318 414 2316 414 2202 430 1980 430 1962 418 1960 418 1958 418 1956 418 1879 428 1842 414 1840 414 1838 414 1757 430 1713 416 1711 416 1537 416 1535 416 1533 416 1531 416 1513 430 1472 420 1470 420 1468 420 1383 430 1363 416 1361 416 1359 416 1153 416 1150 416 1148 416 1118 430 1035 420 1033 420 968 430 590 422 592 483"/></Shape>
            <String CONTENT=""
                    HPOS="590"
                    VPOS="414"
                    WIDTH="1762"
                    HEIGHT="91"
                    ></String>
          </TextLine>
          <TextLine ID="eSc_line_9a945f04"
                    TAGREFS="LT1202"
                    BASELINE="588 556 2000 550 2346 558" 
                    HPOS="586"
                    VPOS="489"
                    WIDTH="1760"
                    HEIGHT="95">
            <Shape><Polygon POINTS="588 556 588 584 760 572 1320 582 1322 582 1324 582 1326 582 1345 570 2342 578 2346 558 2344 503 2212 503 2176 489 2174 489 2172 489 2170 489 2121 501 2085 489 2083 489 2081 489 2018 501 1939 491 1937 491 1935 491 1933 491 1915 503 1371 491 1369 491 1367 491 1322 505 1233 493 1231 493 979 505 928 493 926 493 924 493 693 503 616 493 614 493 612 493 586 505 588 556"/></Shape>
            <String CONTENT=""
                    HPOS="586"
                    VPOS="489"
                    WIDTH="1760"
                    HEIGHT="95"
                    ></String>
          </TextLine>
          <TextLine ID="eSc_line_573df77f"
                    TAGREFS="LT1202"
                    BASELINE="586 629 2352 633" 
                    HPOS="584"
                    VPOS="568"
                    WIDTH="1768"
                    HEIGHT="95">
            <Shape><Polygon POINTS="586 629 584 645 629 659 631 659 633 659 1082 649 1150 657 1153 657 1221 647 1286 659 1288 659 1397 647 1454 657 1456 657 1598 649 1636 661 1638 661 1640 661 1901 649 2223 649 2241 661 2243 661 2245 661 2247 663 2350 663 2352 633 2350 584 2103 584 2045 570 2043 570 1816 580 1802 570 1800 570 1798 570 1796 570 1737 582 1656 570 1654 570 1652 570 1612 582 1468 568 1466 568 934 580 881 568 879 568 877 568 770 580 653 568 651 568 586 578 586 629"/></Shape>
            <String CONTENT=""
                    HPOS="584"
                    VPOS="568"
                    WIDTH="1768"
                    HEIGHT="95"
                    ></String>
          </TextLine>
          <TextLine ID="eSc_line_d0a15a3e"
                    TAGREFS="LT1202"
                    BASELINE="588 712 1239 703 2354 712" 
                    HPOS="588"
                    VPOS="651"
                    WIDTH="1766"
                    HEIGHT="89">
            <Shape><Polygon POINTS="588 712 588 734 762 724 888 736 890 738 968 738 968 736 970 736 972 736 989 724 1051 734 1053 734 1055 734 1080 724 1440 724 1573 738 1575 740 1755 740 1755 738 1757 738 1796 726 2018 726 2055 738 2057 738 2059 738 2178 726 2217 738 2219 738 2221 738 2352 730 2354 712 2352 651 588 651 588 712"/></Shape>
            <String CONTENT=""
                    HPOS="588"
                    VPOS="651"
                    WIDTH="1766"
                    HEIGHT="89"
                    ></String>
          </TextLine>
          <TextLine ID="eSc_line_cbf4953d"
                    TAGREFS="LT1202"
                    BASELINE="588 784 2352 784" 
                    HPOS="588"
                    VPOS="722"
                    WIDTH="1764"
                    HEIGHT="93">
            <Shape><Polygon POINTS="588 784 588 805 920 813 922 813 1096 801 1153 813 1155 813 1157 813 1159 813 1181 801 1413 801 1444 811 1446 811 1448 811 1711 801 1905 813 1907 813 1970 801 2018 813 2020 813 2022 813 2024 813 2057 801 2132 813 2134 815 2352 815 2352 784 2352 738 2271 722 2269 722 2267 722 2265 722 2245 738 1996 738 1962 722 1960 722 1958 722 1956 722 1954 722 1933 736 1753 724 1751 724 1695 734 1654 722 1652 722 1650 722 1563 736 1525 722 1523 722 1409 722 1407 722 1270 736 1246 724 1244 724 1242 724 1239 724 1213 734 1197 722 1195 722 1193 722 1120 722 1118 722 1116 722 1086 736 1019 722 1017 722 1015 722 1013 722 993 738 954 738 930 722 928 722 926 722 924 722 922 722 881 734 588 722 588 784"/></Shape>
            <String CONTENT=""
                    HPOS="588"
                    VPOS="722"
                    WIDTH="1764"
                    HEIGHT="93"
                    ></String>
          </TextLine>
          <TextLine ID="eSc_line_d809bd9c"
                    TAGREFS="LT1202"
                    BASELINE="586 863 2350 857" 
                    HPOS="584"
                    VPOS="796"
                    WIDTH="1766"
                    HEIGHT="98">
            <Shape><Polygon POINTS="586 863 586 890 631 881 667 894 669 894 671 894 673 894 718 879 821 890 823 890 825 890 855 879 936 894 938 894 940 894 972 879 1055 894 1057 894 1185 877 1268 877 1296 892 1298 892 1300 894 1393 894 1393 892 1395 892 1438 877 1466 892 1468 892 1470 892 1585 877 1636 887 1638 887 1782 877 1846 890 1848 890 1850 890 1885 875 2346 890 2350 857 2346 815 2089 815 2047 796 2045 796 2043 796 2041 796 2004 809 1923 796 1921 796 1725 815 1553 805 1551 805 1476 815 1430 798 1428 798 1426 798 1424 798 1393 815 1260 798 1258 798 1096 801 1094 801 1092 801 1068 819 1015 819 983 801 981 801 979 801 877 815 857 801 855 801 853 801 851 801 762 813 726 801 724 801 722 801 584 803 586 863"/></Shape>
            <String CONTENT=""
                    HPOS="584"
                    VPOS="796"
                    WIDTH="1766"
                    HEIGHT="98"
                    ></String>
          </TextLine>
          <TextLine ID="eSc_line_48f72cf0"
                    TAGREFS="LT1202"
                    BASELINE="588 942 1397 930 2352 936" 
                    HPOS="586"
                    VPOS="871"
                    WIDTH="1766"
                    HEIGHT="95">
            <Shape><Polygon POINTS="588 942 588 966 896 952 1270 952 1306 964 1308 964 1310 964 1466 952 1496 962 1498 962 1500 962 1502 962 1543 950 1602 960 1604 960 1701 950 1812 950 1828 962 1830 962 1832 962 1834 962 1836 962 1885 950 1901 960 1903 960 1905 960 1907 962 2350 962 2352 936 2350 883 2291 871 2289 871 2287 871 2251 881 2168 873 2166 873 2164 873 2162 873 2150 885 2071 885 2045 873 2043 873 2041 873 2039 873 2016 885 1816 885 1780 871 1778 871 1776 871 1774 871 1729 883 1711 871 1709 871 1707 871 1705 871 1488 881 1399 871 1397 871 1312 885 1068 873 1066 873 1064 873 1061 873 1043 885 958 875 956 875 902 885 833 873 831 873 829 873 794 885 699 873 697 873 586 887 588 942"/></Shape>
            <String CONTENT=""
                    HPOS="586"
                    VPOS="871"
                    WIDTH="1766"
                    HEIGHT="95"
                    ></String>
          </TextLine>
          <TextLine ID="eSc_line_d213e3ab"
                    TAGREFS="LT1202"
                    BASELINE="588 1009 2352 1013" 
                    HPOS="586"
                    VPOS="952"
                    WIDTH="1766"
                    HEIGHT="83">
            <Shape><Polygon POINTS="588 1009 586 1033 2348 1035 2352 1013 2350 968 2251 968 2229 954 2227 954 2225 954 2223 954 2132 966 1786 954 1784 954 1575 964 1468 952 1466 952 1387 966 1100 966 1082 952 1080 952 1078 952 1076 952 987 964 908 952 906 952 588 962 588 1009"/></Shape>
            <String CONTENT=""
                    HPOS="586"
                    VPOS="952"
                    WIDTH="1766"
                    HEIGHT="83"
                    ></String>
          </TextLine>
          <TextLine ID="eSc_line_6fbbe48a"
                    TAGREFS="LT1202"
                    BASELINE="588 1084 2352 1090" 
                    HPOS="586"
                    VPOS="1027"
                    WIDTH="1766"
                    HEIGHT="91">
            <Shape><Polygon POINTS="588 1084 586 1102 608 1114 610 1114 612 1116 1066 1116 1066 1114 1150 1104 1175 1116 1177 1116 1179 1116 1266 1106 1921 1106 1935 1118 1937 1118 1939 1118 1941 1118 2350 1106 2352 1090 2350 1043 2281 1031 2279 1031 1877 1041 1836 1031 1834 1031 1832 1031 1642 1039 1624 1029 1622 1029 1620 1029 1618 1029 1472 1039 1420 1029 1418 1029 1415 1029 1385 1041 1179 1041 1130 1027 1128 1027 1126 1027 1064 1037 588 1031 588 1084"/></Shape>
            <String CONTENT=""
                    HPOS="586"
                    VPOS="1027"
                    WIDTH="1766"
                    HEIGHT="91"
                    ></String>
          </TextLine>
          <TextLine ID="eSc_line_88c9aaef"
                    TAGREFS="LT1202"
                    BASELINE="588 1163 2350 1167" 
                    HPOS="586"
                    VPOS="1102"
                    WIDTH="1764"
                    HEIGHT="91">
            <Shape><Polygon POINTS="588 1163 586 1177 616 1191 618 1191 621 1193 1120 1193 1120 1191 1122 1191 1124 1191 1140 1181 1359 1191 1361 1191 1456 1183 1484 1193 1486 1193 1488 1193 1571 1183 1650 1193 1652 1193 2348 1185 2350 1167 2348 1104 2312 1104 2310 1104 2308 1104 2306 1104 2281 1120 2140 1110 2138 1110 2085 1120 2036 1104 2034 1104 2032 1104 1891 1120 1854 1104 1852 1104 1850 1104 1848 1104 1798 1116 1709 1104 1707 1104 1705 1104 1650 1122 1581 1122 1563 1108 1561 1108 1559 1108 1557 1108 1555 1108 1527 1120 1470 1102 1468 1102 1424 1102 1422 1102 1420 1102 1418 1102 1391 1118 1248 1118 1223 1102 1221 1102 1219 1102 1217 1102 1110 1118 1001 1102 999 1102 906 1120 693 1120 659 1104 657 1104 655 1104 588 1116 588 1163"/></Shape>
            <String CONTENT=""
                    HPOS="586"
                    VPOS="1102"
                    WIDTH="1764"
                    HEIGHT="91"
                    ></String>
          </TextLine>
          <TextLine ID="eSc_line_874f52ec"
                    TAGREFS="LT1202"
                    BASELINE="584 1239 1507 1235 2348 1244" 
                    HPOS="582"
                    VPOS="1181"
                    WIDTH="1766"
                    HEIGHT="91">
            <Shape><Polygon POINTS="584 1239 582 1256 606 1268 608 1268 610 1268 612 1268 614 1268 629 1258 718 1268 720 1268 1280 1258 1654 1270 1656 1272 1873 1272 1873 1270 1875 1270 1877 1270 1891 1260 1941 1270 1943 1272 2047 1272 2047 1270 2049 1270 2051 1270 2067 1260 2295 1270 2297 1270 2346 1258 2348 1244 2346 1195 2267 1183 2265 1183 2263 1183 2229 1193 2132 1183 2130 1183 2073 1193 1861 1183 1858 1183 1790 1193 1739 1183 1737 1183 1735 1183 1701 1193 1632 1183 1630 1183 1264 1191 1229 1181 1227 1181 1225 1181 1161 1193 938 1193 916 1181 914 1181 912 1181 584 1189 584 1239"/></Shape>
            <String CONTENT=""
                    HPOS="582"
                    VPOS="1181"
                    WIDTH="1766"
                    HEIGHT="91"
                    ></String>
          </TextLine>
          <TextLine ID="eSc_line_47a8612c"
                    TAGREFS="LT1202"
                    BASELINE="584 1314 2350 1320" 
                    HPOS="582"
                    VPOS="1258"
                    WIDTH="1768"
                    HEIGHT="85">
            <Shape><Polygon POINTS="584 1314 582 1335 2346 1343 2350 1320 2348 1272 2281 1260 2279 1260 2277 1260 2275 1260 2259 1270 2210 1260 2208 1260 2144 1270 1780 1270 1751 1258 1749 1258 1747 1258 1745 1258 1703 1268 1474 1258 1472 1258 584 1260 584 1314"/></Shape>
            <String CONTENT=""
                    HPOS="582"
                    VPOS="1258"
                    WIDTH="1768"
                    HEIGHT="85"
                    ></String>
          </TextLine>
          <TextLine ID="eSc_line_4760a288"
                    TAGREFS="LT1202"
                    BASELINE="584 1395 2348 1391" 
                    HPOS="582"
                    VPOS="1341"
                    WIDTH="1766"
                    HEIGHT="81">
            <Shape><Polygon POINTS="584 1395 584 1411 845 1422 847 1422 975 1411 1045 1422 1047 1422 1219 1411 1250 1422 1252 1422 1254 1422 2004 1409 2041 1419 2043 1419 2045 1422 2346 1422 2348 1391 2342 1341 582 1341 584 1395"/></Shape>
            <String CONTENT=""
                    HPOS="582"
                    VPOS="1341"
                    WIDTH="1766"
                    HEIGHT="81"
                    ></String>
          </TextLine>
          <TextLine ID="eSc_line_7bcb12c9"
                    TAGREFS="LT1202"
                    BASELINE="582 1464 2348 1470" 
                    HPOS="580"
                    VPOS="1413"
                    WIDTH="1768"
                    HEIGHT="87">
            <Shape><Polygon POINTS="582 1464 580 1482 659 1496 661 1498 900 1498 900 1496 902 1496 930 1486 1027 1496 1029 1496 1496 1488 1513 1498 1515 1498 1517 1498 1519 1500 1614 1500 1614 1498 1717 1488 1820 1500 1822 1500 1824 1500 1869 1490 2344 1498 2348 1470 2346 1419 582 1413 582 1464"/></Shape>
            <String CONTENT=""
                    HPOS="580"
                    VPOS="1413"
                    WIDTH="1768"
                    HEIGHT="87"
                    ></String>
          </TextLine>
          <TextLine ID="eSc_line_14ac5c53"
                    TAGREFS="LT1202"
                    BASELINE="580 1541 2344 1547" 
                    HPOS="578"
                    VPOS="1480"
                    WIDTH="1766"
                    HEIGHT="91">
            <Shape><Polygon POINTS="580 1541 578 1567 2340 1571 2344 1547 2342 1500 2204 1488 2202 1488 2043 1498 1966 1486 1964 1486 1962 1486 1931 1500 1778 1500 1753 1484 1751 1484 1749 1484 1747 1484 1745 1484 1703 1498 1525 1498 1486 1484 1484 1484 1482 1484 1480 1484 1444 1496 1409 1484 1407 1484 1405 1484 1403 1484 1401 1484 1381 1498 1205 1498 1169 1482 1167 1482 1165 1482 653 1494 580 1480 580 1541"/></Shape>
            <String CONTENT=""
                    HPOS="578"
                    VPOS="1480"
                    WIDTH="1766"
                    HEIGHT="91"
                    ></String>
          </TextLine>
          <TextLine ID="eSc_line_0e6251bd"
                    TAGREFS="LT1202"
                    BASELINE="580 1616 2346 1624" 
                    HPOS="578"
                    VPOS="1561"
                    WIDTH="1768"
                    HEIGHT="81">
            <Shape><Polygon POINTS="580 1616 578 1638 2342 1642 2346 1624 2346 1579 2306 1567 2304 1567 2301 1567 2299 1567 2297 1567 2279 1579 2067 1579 2028 1567 2026 1567 2024 1567 1935 1577 1403 1575 1345 1563 1343 1563 1341 1563 1320 1573 1211 1563 1209 1563 1023 1573 934 1561 932 1561 580 1569 580 1616"/></Shape>
            <String CONTENT=""
                    HPOS="578"
                    VPOS="1561"
                    WIDTH="1768"
                    HEIGHT="81"
                    ></String>
          </TextLine>
          <TextLine ID="eSc_line_25627caf"
                    TAGREFS="LT1202"
                    BASELINE="578 1693 2342 1699" 
                    HPOS="576"
                    VPOS="1636"
                    WIDTH="1766"
                    HEIGHT="91">
            <Shape><Polygon POINTS="578 1693 576 1711 614 1723 616 1723 618 1723 1112 1715 1223 1725 1225 1725 1674 1717 1753 1727 1755 1727 2340 1717 2342 1699 2340 1654 2041 1654 2008 1640 2006 1640 2004 1640 2002 1640 1954 1654 1834 1654 1808 1640 1806 1640 1804 1640 1689 1650 1668 1638 1666 1638 1664 1638 1662 1638 1484 1640 1482 1640 1462 1650 1324 1638 1322 1638 1215 1650 1167 1636 1165 1636 1163 1636 1066 1648 975 1636 972 1636 890 1650 821 1650 801 1636 799 1636 796 1636 794 1636 578 1642 578 1693"/></Shape>
            <String CONTENT=""
                    HPOS="576"
                    VPOS="1636"
                    WIDTH="1766"
                    HEIGHT="91"
                    ></String>
          </TextLine>
          <TextLine ID="eSc_line_a9c0aa71"
                    TAGREFS="LT1202"
                    BASELINE="578 1769 2344 1775" 
                    HPOS="578"
                    VPOS="1713"
                    WIDTH="1766"
                    HEIGHT="93">
            <Shape><Polygon POINTS="578 1769 578 1792 1185 1792 1268 1802 1270 1802 1672 1792 1923 1804 1925 1806 2322 1806 2322 1804 2324 1804 2326 1804 2342 1792 2344 1775 2344 1729 2297 1717 2295 1717 2293 1717 2210 1727 2162 1715 2160 1715 2158 1715 2156 1715 2117 1729 2030 1729 2004 1715 2002 1715 1899 1715 1897 1715 1895 1715 1893 1715 1875 1727 1846 1715 1844 1715 1737 1713 1735 1713 1733 1713 1691 1725 1591 1713 1428 1713 1426 1713 1424 1713 1389 1725 1339 1713 1337 1713 1175 1713 1173 1713 1171 1713 1142 1723 578 1717 578 1769"/></Shape>
            <String CONTENT=""
                    HPOS="578"
                    VPOS="1713"
                    WIDTH="1766"
                    HEIGHT="93"
                    ></String>
          </TextLine>
          <TextLine ID="eSc_line_630b3163"
                    TAGREFS="LT1202"
                    BASELINE="576 1844 2344 1850" 
                    HPOS="574"
                    VPOS="1796"
                    WIDTH="1770"
                    HEIGHT="81">
            <Shape><Polygon POINTS="576 1844 574 1867 2340 1877 2344 1850 2342 1798 576 1796 576 1844"/></Shape>
            <String CONTENT=""
                    HPOS="574"
                    VPOS="1796"
                    WIDTH="1770"
                    HEIGHT="81"
                    ></String>
          </TextLine>
          <TextLine ID="eSc_line_bb27fe82"
                    TAGREFS="LT1202"
                    BASELINE="580 1919 2344 1929" 
                    HPOS="578"
                    VPOS="1862"
                    WIDTH="1766"
                    HEIGHT="94">
            <Shape><Polygon POINTS="580 1919 578 1935 811 1949 813 1949 881 1939 958 1951 960 1951 1173 1941 1308 1954 1310 1954 1312 1954 1314 1954 1331 1943 1422 1954 1424 1954 1426 1954 1452 1943 1608 1943 2340 1956 2344 1929 2340 1883 2190 1885 2073 1871 2071 1871 2069 1871 2026 1885 1943 1869 1822 1869 1820 1869 1818 1869 1788 1883 1737 1871 1735 1871 1733 1871 1731 1871 1685 1883 1640 1867 1638 1867 1636 1867 1634 1867 1591 1879 1470 1867 1468 1867 1466 1867 1436 1881 1331 1867 1329 1867 1326 1867 1324 1867 1308 1881 1288 1865 1286 1865 1284 1865 1197 1865 1195 1865 1193 1865 1165 1881 962 1881 936 1862 934 1862 932 1862 930 1862 865 1877 580 1871 580 1919"/></Shape>
            <String CONTENT=""
                    HPOS="578"
                    VPOS="1862"
                    WIDTH="1766"
                    HEIGHT="94"
                    ></String>
          </TextLine>
          <TextLine ID="eSc_line_3df147cb"
                    TAGREFS="LT1202"
                    BASELINE="580 2000 2340 2004" 
                    HPOS="580"
                    VPOS="1943"
                    WIDTH="1760"
                    HEIGHT="87">
            <Shape><Polygon POINTS="580 2000 580 2030 2338 2028 2340 2004 2338 1962 1780 1947 1778 1947 1715 1960 1697 1947 1695 1947 1693 1947 1691 1947 1689 1947 1664 1958 1628 1947 1626 1947 1624 1947 1535 1960 1454 1945 1452 1945 1343 1958 1110 1945 1108 1945 1106 1945 1068 1960 839 1960 770 1945 768 1945 673 1958 580 1943 580 2000"/></Shape>
            <String CONTENT=""
                    HPOS="580"
                    VPOS="1943"
                    WIDTH="1760"
                    HEIGHT="87"
                    ></String>
          </TextLine>
          <TextLine ID="eSc_line_768672f2"
                    TAGREFS="LT1202"
                    BASELINE="576 2075 2344 2083" 
                    HPOS="574"
                    VPOS="2018"
                    WIDTH="1770"
                    HEIGHT="87">
            <Shape><Polygon POINTS="576 2075 574 2103 2340 2105 2344 2083 2344 2040 2312 2024 2310 2024 2308 2024 2306 2024 2267 2038 2198 2024 2196 2024 2091 2034 2075 2024 2073 2024 2071 2024 1889 2022 1887 2022 1818 2038 1591 2038 1515 2024 1513 2024 1407 2034 1381 2020 1379 2020 1377 2020 1244 2034 1142 2022 1140 2022 979 2032 944 2018 942 2018 837 2018 835 2018 833 2018 831 2018 809 2032 651 2022 649 2022 576 2030 576 2075"/></Shape>
            <String CONTENT=""
                    HPOS="574"
                    VPOS="2018"
                    WIDTH="1770"
                    HEIGHT="87"
                    ></String>
          </TextLine>
          <TextLine ID="eSc_line_109957d4"
                    TAGREFS="LT1202"
                    BASELINE="574 2148 2338 2156" 
                    HPOS="572"
                    VPOS="2095"
                    WIDTH="1766"
                    HEIGHT="95">
            <Shape><Polygon POINTS="574 2148 572 2170 639 2182 641 2182 896 2170 954 2182 956 2182 1393 2172 1543 2186 1545 2186 1547 2186 1591 2174 1660 2186 1662 2186 1782 2174 1812 2186 1814 2186 1816 2186 1899 2178 2026 2188 2028 2188 2030 2188 2061 2176 2077 2188 2079 2188 2081 2188 2083 2190 2336 2190 2338 2156 2338 2113 2285 2099 2283 2099 2281 2099 2215 2113 2121 2113 2091 2099 2089 2099 2087 2099 2085 2099 2045 2113 1907 2113 1889 2097 1887 2097 1885 2097 1883 2097 1761 2109 1733 2099 1731 2099 1541 2097 1539 2097 1458 2109 1381 2095 1197 2095 1195 2095 1193 2095 1144 2107 574 2097 574 2148"/></Shape>
            <String CONTENT=""
                    HPOS="572"
                    VPOS="2095"
                    WIDTH="1766"
                    HEIGHT="95"
                    ></String>
          </TextLine>
          <TextLine ID="eSc_line_ccee8307"
                    TAGREFS="LT1202"
                    BASELINE="578 2223 2338 2235" 
                    HPOS="576"
                    VPOS="2168"
                    WIDTH="1762"
                    HEIGHT="99">
            <Shape><Polygon POINTS="578 2223 576 2249 1084 2259 1086 2259 1161 2249 1179 2261 1181 2261 1183 2261 1185 2261 1187 2261 1215 2251 1579 2263 1581 2263 1695 2253 1782 2265 1784 2265 1994 2255 2103 2267 2105 2267 2336 2255 2338 2235 2338 2190 2295 2178 2293 2178 2291 2178 2047 2188 2022 2176 2020 2176 2018 2176 1885 2186 1774 2176 1772 2176 1769 2176 1767 2176 1751 2186 1664 2174 1662 2174 1537 2184 1377 2172 1375 2172 1373 2172 1331 2182 1163 2170 1161 2170 1108 2180 869 2168 867 2168 865 2168 821 2178 764 2168 762 2168 578 2174 578 2223"/></Shape>
            <String CONTENT=""
                    HPOS="576"
                    VPOS="2168"
                    WIDTH="1762"
                    HEIGHT="99"
                    ></String>
          </TextLine>
          <TextLine ID="eSc_line_f1b615e0"
                    TAGREFS="LT1202"
                    BASELINE="578 2301 2328 2316" 
                    HPOS="576"
                    VPOS="2243"
                    WIDTH="1752"
                    HEIGHT="99">
            <Shape><Polygon POINTS="578 2301 576 2326 2324 2342 2328 2316 2326 2269 2245 2255 2243 2255 2180 2267 2164 2255 2162 2255 2160 2255 2079 2253 2077 2253 1893 2265 1814 2251 1812 2251 1810 2251 1761 2265 1616 2265 1551 2249 1549 2249 1329 2261 1298 2251 1296 2251 1294 2251 1082 2259 952 2245 950 2245 871 2255 805 2243 803 2243 726 2255 578 2247 578 2301"/></Shape>
            <String CONTENT=""
                    HPOS="576"
                    VPOS="2243"
                    WIDTH="1752"
                    HEIGHT="99"
                    ></String>
          </TextLine>
          <TextLine ID="eSc_line_1dff1300"
                    TAGREFS="LT1202"
                    BASELINE="572 2376 2330 2384" 
                    HPOS="570"
                    VPOS="2320"
                    WIDTH="1760"
                    HEIGHT="99">
            <Shape><Polygon POINTS="572 2376 570 2396 641 2411 643 2411 722 2401 744 2411 746 2411 748 2411 813 2401 960 2411 962 2411 964 2411 1009 2401 1889 2417 1891 2419 2136 2419 2136 2417 2138 2417 2164 2407 2267 2417 2269 2417 2328 2405 2330 2384 2326 2340 2168 2340 2148 2326 2146 2326 2144 2326 2142 2326 2140 2326 2097 2342 2047 2342 2022 2326 2020 2326 2018 2326 2016 2326 2014 2326 1972 2340 1769 2340 1741 2324 1739 2324 1737 2324 1735 2324 1680 2338 1393 2322 1391 2322 1331 2334 1270 2322 1268 2322 1266 2322 1264 2322 1244 2336 1124 2322 1122 2322 1061 2336 1011 2320 1009 2320 1007 2320 1005 2320 960 2334 904 2320 902 2320 792 2320 790 2320 788 2320 756 2334 707 2320 705 2320 703 2320 701 2320 653 2332 625 2320 623 2320 621 2320 572 2326 572 2376"/></Shape>
            <String CONTENT=""
                    HPOS="570"
                    VPOS="2320"
                    WIDTH="1760"
                    HEIGHT="99"
                    ></String>
          </TextLine>
          <TextLine ID="eSc_line_e04dc342"
                    TAGREFS="LT1202"
                    BASELINE="574 2451 2336 2465" 
                    HPOS="574"
                    VPOS="2394"
                    WIDTH="1762"
                    HEIGHT="106">
            <Shape><Polygon POINTS="574 2451 574 2485 811 2477 827 2490 829 2490 831 2490 833 2490 962 2479 1112 2492 1114 2492 1286 2481 1329 2494 1331 2494 1333 2494 1438 2483 1579 2496 1581 2496 1800 2485 1848 2498 1850 2498 1852 2498 1854 2498 1889 2488 2101 2500 2103 2500 2334 2490 2336 2465 2336 2417 2320 2407 2318 2407 2316 2407 2314 2407 2132 2419 2083 2405 2081 2405 2079 2405 1881 2417 1806 2403 1804 2403 1581 2415 1472 2401 1470 2401 1468 2401 1442 2415 1333 2415 1290 2403 1288 2403 1286 2403 1043 2409 1025 2396 1023 2396 1021 2396 1019 2396 1017 2396 985 2409 952 2396 950 2396 890 2396 888 2396 886 2396 883 2396 865 2409 809 2394 807 2394 805 2394 803 2394 764 2405 716 2394 714 2394 574 2399 574 2451"/></Shape>
            <String CONTENT=""
                    HPOS="574"
                    VPOS="2394"
                    WIDTH="1762"
                    HEIGHT="106"
                    ></String>
          </TextLine>
          <TextLine ID="eSc_line_19463d9b"
                    TAGREFS="LT1202"
                    BASELINE="574 2526 2334 2542" 
                    HPOS="574"
                    VPOS="2471"
                    WIDTH="1760"
                    HEIGHT="101">
            <Shape><Polygon POINTS="574 2526 574 2554 1403 2554 1484 2566 1486 2566 1650 2558 1670 2568 1672 2568 1674 2568 1891 2558 1929 2570 1931 2570 1933 2570 1935 2570 1978 2560 2113 2572 2115 2572 2332 2560 2334 2542 2332 2500 2113 2483 2111 2483 1952 2496 1854 2481 1852 2481 1767 2494 1478 2494 1422 2477 1420 2477 1418 2477 1415 2477 1413 2477 1395 2492 1318 2492 1233 2475 1231 2475 1175 2485 1068 2475 1066 2475 1064 2475 1043 2485 890 2473 888 2473 825 2485 776 2471 774 2471 608 2471 606 2471 604 2471 574 2481 574 2526"/></Shape>
            <String CONTENT=""
                    HPOS="574"
                    VPOS="2471"
                    WIDTH="1760"
                    HEIGHT="101"
                    ></String>
          </TextLine>
          <TextLine ID="eSc_line_06675def"
                    TAGREFS="LT1202"
                    BASELINE="572 2601 2336 2619" 
                    HPOS="570"
                    VPOS="2542"
                    WIDTH="1766"
                    HEIGHT="109">
            <Shape><Polygon POINTS="570 2621 894 2637 896 2637 944 2627 1021 2637 1023 2637 1146 2629 1183 2641 1185 2641 1187 2641 1353 2631 1551 2645 1553 2645 2150 2641 2174 2651 2176 2651 2178 2651 2334 2639 2336 2619 2336 2577 2289 2560 2287 2560 2285 2560 2283 2560 2247 2572 2148 2560 2146 2560 2144 2560 2107 2574 1954 2574 1782 2572 1745 2554 1743 2554 1741 2554 1632 2566 1551 2552 1549 2552 1373 2566 1288 2550 1286 2550 1159 2564 1013 2548 1011 2548 1009 2548 964 2562 881 2546 879 2546 772 2558 746 2544 744 2544 693 2544 691 2544 689 2544 687 2544 667 2558 647 2544 645 2544 643 2544 641 2544 639 2544 610 2552 574 2542 572 2601 570 2621"/></Shape>
            <String CONTENT=""
                    HPOS="570"
                    VPOS="2542"
                    WIDTH="1766"
                    HEIGHT="109"
                    ></String>
          </TextLine>
          <TextLine ID="eSc_line_5f063bf1"
                    TAGREFS="LT1202"
                    BASELINE="574 2680 2334 2696" 
                    HPOS="574"
                    VPOS="2627"
                    WIDTH="1760"
                    HEIGHT="99">
            <Shape><Polygon POINTS="574 2680 574 2712 768 2704 811 2716 813 2716 815 2716 910 2706 942 2716 944 2716 946 2716 1183 2708 1233 2720 1235 2720 1237 2720 1341 2710 1405 2720 1407 2720 1521 2712 1541 2722 1543 2722 1545 2722 1628 2714 1709 2724 1711 2726 2332 2726 2334 2696 2334 2657 2287 2641 2285 2641 2283 2641 2115 2653 1972 2639 1970 2639 1968 2639 1931 2653 1731 2639 1729 2639 1672 2651 1575 2635 1573 2635 1456 2649 1389 2633 1387 2633 1385 2633 1302 2647 1262 2633 1260 2633 1258 2633 1072 2645 1037 2631 1035 2631 1033 2631 1031 2631 987 2645 799 2645 762 2627 760 2627 758 2627 574 2627 574 2680"/></Shape>
            <String CONTENT=""
                    HPOS="574"
                    VPOS="2627"
                    WIDTH="1760"
                    HEIGHT="99"
                    ></String>
          </TextLine>
          <TextLine ID="eSc_line_a5a6db8e"
                    TAGREFS="LT1202"
                    BASELINE="574 2757 2334 2773" 
                    HPOS="574"
                    VPOS="2700"
                    WIDTH="1760"
                    HEIGHT="105">
            <Shape><Polygon POINTS="574 2757 574 2783 989 2783 1072 2795 1074 2795 1201 2785 1233 2797 1235 2797 1456 2799 1458 2799 1644 2791 1670 2801 1672 2801 1674 2801 2121 2795 2196 2805 2198 2805 2332 2793 2334 2773 2330 2718 2247 2726 2176 2714 2174 2714 2172 2714 2119 2726 2051 2712 2049 2712 1905 2724 1885 2712 1883 2712 1881 2712 1802 2710 1800 2710 1798 2710 1796 2710 1778 2724 1678 2724 1646 2708 1644 2708 1567 2708 1565 2708 1563 2708 1561 2708 1543 2722 1470 2722 1422 2706 1420 2706 1418 2706 1415 2706 1385 2720 1294 2720 1159 2704 1157 2704 1100 2716 1059 2704 1057 2704 1055 2704 922 2714 902 2702 900 2702 898 2702 896 2702 794 2714 629 2700 627 2700 574 2710 574 2757"/></Shape>
            <String CONTENT=""
                    HPOS="574"
                    VPOS="2700"
                    WIDTH="1760"
                    HEIGHT="105"
                    ></String>
          </TextLine>
          <TextLine ID="eSc_line_4a10bf99"
                    TAGREFS="LT1202"
                    BASELINE="572 2829 2328 2850" 
                    HPOS="570"
                    VPOS="2779"
                    WIDTH="1758"
                    HEIGHT="103">
            <Shape><Polygon POINTS="572 2829 570 2848 667 2864 669 2864 744 2852 855 2866 857 2866 1262 2860 1450 2874 1452 2874 1624 2862 1832 2878 1834 2878 1945 2866 1976 2880 1978 2880 2156 2882 2158 2882 2231 2870 2255 2882 2257 2882 2259 2882 2326 2868 2328 2850 2326 2811 2265 2799 2263 2799 2142 2805 2121 2795 2119 2795 2117 2795 1893 2805 1782 2791 1780 2791 1632 2803 1610 2789 1608 2789 1606 2789 1604 2789 1452 2801 1341 2787 1339 2787 1100 2797 1061 2783 1059 2783 1057 2783 993 2795 807 2781 805 2781 746 2793 608 2779 606 2779 604 2779 572 2789 572 2829"/></Shape>
            <String CONTENT=""
                    HPOS="570"
                    VPOS="2779"
                    WIDTH="1758"
                    HEIGHT="103"
                    ></String>
          </TextLine>
          <TextLine ID="eSc_line_7f82e0b7"
                    TAGREFS="LT1202"
                    BASELINE="576 2912 2328 2926" 
                    HPOS="576"
                    VPOS="2854"
                    WIDTH="1752"
                    HEIGHT="103">
            <Shape><Polygon POINTS="576 2912 576 2939 1244 2939 1292 2949 1294 2949 1296 2949 1324 2939 1381 2951 1383 2951 1529 2941 1644 2953 1646 2953 1711 2943 1735 2953 1737 2953 1739 2953 1810 2945 1824 2955 1826 2955 1828 2955 2081 2957 2083 2957 2085 2957 2105 2947 2142 2957 2144 2957 2146 2957 2326 2945 2328 2926 2322 2872 2299 2880 2283 2868 2281 2868 2279 2868 2172 2868 2170 2868 2168 2868 2166 2868 2144 2884 2089 2884 2065 2866 2063 2866 2061 2866 2059 2866 2057 2866 2026 2882 1834 2882 1814 2868 1812 2868 1810 2868 1808 2868 1743 2878 1721 2864 1719 2864 1717 2864 1715 2864 1638 2878 1371 2866 1369 2866 1367 2866 1331 2876 1280 2860 1278 2860 1138 2860 1136 2860 1134 2860 1098 2874 1047 2860 1045 2860 1043 2860 983 2872 960 2858 958 2858 956 2858 679 2856 677 2856 675 2856 645 2870 576 2854 576 2912"/></Shape>
            <String CONTENT=""
                    HPOS="576"
                    VPOS="2854"
                    WIDTH="1752"
                    HEIGHT="103"
                    ></String>
          </TextLine>
          <TextLine ID="eSc_line_be4cd560"
                    TAGREFS="LT1202"
                    BASELINE="576 2987 2328 3001" 
                    HPOS="574"
                    VPOS="2935"
                    WIDTH="1754"
                    HEIGHT="91">
            <Shape><Polygon POINTS="576 2987 574 3013 2324 3026 2328 3001 2326 2961 2206 2949 2204 2949 2093 2959 2057 2947 2055 2947 2053 2947 1830 2957 1737 2945 1735 2945 1345 2953 1229 2941 1227 2941 1225 2941 1201 2951 1112 2941 1110 2941 1108 2941 1078 2951 1005 2941 1003 2941 928 2949 827 2937 825 2937 766 2947 576 2935 576 2987"/></Shape>
            <String CONTENT=""
                    HPOS="574"
                    VPOS="2935"
                    WIDTH="1754"
                    HEIGHT="91"
                    ></String>
          </TextLine>
          <TextLine ID="eSc_line_4fee0ecc"
                    TAGREFS="LT1202"
                    BASELINE="574 3064 2320 3080" 
                    HPOS="572"
                    VPOS="3005"
                    WIDTH="1748"
                    HEIGHT="132">
            <Shape><Polygon POINTS="574 3064 572 3096 612 3111 614 3111 616 3111 618 3111 657 3100 778 3106 843 3125 845 3125 847 3125 849 3125 918 3102 1009 3102 1078 3102 1126 3123 1128 3123 1130 3123 1132 3123 1203 3104 1244 3129 1246 3129 1248 3129 1250 3131 1331 3131 1331 3129 1333 3129 1387 3113 1444 3131 1446 3131 1747 3133 1749 3133 1751 3133 1814 3111 1929 3111 1976 3135 1978 3135 1980 3135 1982 3135 2049 3117 2107 3137 2109 3137 2111 3137 2255 3117 2287 3133 2289 3133 2291 3133 2318 3127 2320 3080 2320 3038 2283 3022 2281 3022 2279 3022 2194 3036 1966 3022 1964 3022 1885 3034 1832 3017 1830 3017 1828 3017 1711 3032 1620 3032 1589 3015 1587 3015 1585 3015 1583 3015 1581 3015 1561 3032 1507 3032 1484 3015 1482 3015 1480 3015 1478 3015 1411 3028 1377 3013 1375 3013 1373 3013 1242 3028 1219 3011 1217 3011 1215 3011 1213 3011 1017 3026 995 3009 993 3009 991 3009 989 3009 922 3024 835 3009 833 3009 701 3020 673 3007 671 3007 574 3005 574 3064"/></Shape>
            <String CONTENT=""
                    HPOS="572"
                    VPOS="3005"
                    WIDTH="1748"
                    HEIGHT="132"
                    ></String>
          </TextLine>
        </TextBlock>
        <TextBlock HPOS="618"
                   VPOS="298"
                   WIDTH="154"
                   HEIGHT="61"
                   ID="eSc_textblock_c64c3696"
                   >
          <Shape><Polygon POINTS="618 298 618 359 772 359 772 298"/></Shape>
          <TextLine ID="eSc_line_3aff5787"
                    TAGREFS="LT1202"
                    BASELINE="600 333 740 333" 
                    HPOS="600"
                    VPOS="273"
                    WIDTH="140"
                    HEIGHT="87">
            <Shape><Polygon POINTS="600 277 600 333 600 360 740 356 740 333 740 291 707 277 705 277 703 277 701 277 655 289 639 275 639 273 637 273 635 273 633 273 600 275 600 277"/></Shape>
            <String CONTENT=""
                    HPOS="600"
                    VPOS="273"
                    WIDTH="140"
                    HEIGHT="87"
                    ></String>
          </TextLine>
        </TextBlock>
        <TextBlock HPOS="1197"
                   VPOS="261"
                   WIDTH="720"
                   HEIGHT="79"
                   ID="eSc_textblock_8cc9a930"
                   >
          <Shape><Polygon POINTS="1197 261 1197 340 1917 340 1917 261"/></Shape>
          <TextLine ID="eSc_line_0181722e"
                    TAGREFS="LT1202"
                    BASELINE="1189 327 1808 319" 
                    HPOS="1187"
                    VPOS="242"
                    WIDTH="621"
                    HEIGHT="105">
            <Shape><Polygon POINTS="1794 258 1784 250 1767 250 1759 242 1753 242 1733 242 1713 242 1697 242 1648 250 1602 242 1591 242 1571 242 1567 242 1561 248 1553 242 1551 242 1531 242 1511 242 1490 242 1474 242 1466 250 1450 242 1430 242 1409 242 1389 242 1377 242 1268 254 1254 244 1248 246 1227 250 1207 252 1187 256 1189 327 1189 341 1436 335 1494 347 1496 347 1559 333 1573 345 1575 345 1577 345 1579 347 1642 347 1642 345 1644 345 1646 345 1646 343 1648 343 1658 331 1782 343 1784 343 1786 343 1788 343 1808 329 1808 319 1798 262 1794 258"/></Shape>
            <String CONTENT=""
                    HPOS="1187"
                    VPOS="242"
                    WIDTH="621"
                    HEIGHT="105"
                    ></String>
          </TextLine>
        </TextBlock>
        <TextBlock HPOS="645"
                   VPOS="376"
                   WIDTH="14"
                   HEIGHT="35"
                   ID="eSc_textblock_68b94b80"
                   >
          <Shape><Polygon POINTS="645 411 645 376 659 376 659 411"/></Shape>
        </TextBlock>
      </PrintSpace>
    </Page>
  </Layout>
</alto>
