<mets xmlns="http://www.loc.gov/METS/" xmlns:xlink="http://www.w3.org/1999/xlink">
  <fileSec>
    
    <fileGrp USE="image">
      
        <file ID="image1">
          <FLocat xlink:href="Andromaque.jpg"/>
        </file>
      
        <file ID="image2">
          <FLocat xlink:href="Stettler, n°1, p.1 d&#x27;ouverture.jpg"/>
        </file>
      
        <file ID="image3">
          <FLocat xlink:href="Stettler, n°1, p.54, 1798.jpg"/>
        </file>
      
    </fileGrp>
    
    <fileGrp USE="export">
      
        <file ID="export1">
          <FLocat xlink:href="Andromaque.xml"/>
        </file>
      
        <file ID="export2">
          <FLocat xlink:href="Stettler, n°1, p.1 d&#x27;ouverture.xml"/>
        </file>
      
        <file ID="export3">
          <FLocat xlink:href="Stettler, n°1, p.54, 1798.xml"/>
        </file>
      
    </fileGrp>
  </fileSec>
  <structMap TYPE="physical">
    <div TYPE="document">
      
      <div TYPE="page">
        <fptr FILEID="image1"/>
        <fptr FILEID="export1"/>
      </div>
      
      <div TYPE="page">
        <fptr FILEID="image2"/>
        <fptr FILEID="export2"/>
      </div>
      
      <div TYPE="page">
        <fptr FILEID="image3"/>
        <fptr FILEID="export3"/>
      </div>
      
    </div>
  </structMap>
</mets>
