<?xml version="1.0" encoding="UTF-8"?>
<alto xmlns:xsi="http://www.w3.org/2001/XMLSchema-instance"
      xmlns="http://www.loc.gov/standards/alto/ns-v4#"
      xsi:schemaLocation="http://www.loc.gov/standards/alto/ns-v4# http://www.loc.gov/standards/alto/v4/alto-4-2.xsd">
  <Description>
    <MeasurementUnit>pixel</MeasurementUnit>
    <sourceImageInformation>
      <fileName>Stettler, n°1, p.1 d&#x27;ouverture.jpg</fileName>
    </sourceImageInformation>
  </Description>
  <Tags>
    <OtherTag ID="BT7" LABEL="CustomZone" DESCRIPTION="block type CustomZone"/><OtherTag ID="BT8" LABEL="DamageZone" DESCRIPTION="block type DamageZone"/><OtherTag ID="BT9" LABEL="DigitizationArtefactZone" DESCRIPTION="block type DigitizationArtefactZone"/><OtherTag ID="BT10" LABEL="DropCapitalZone" DESCRIPTION="block type DropCapitalZone"/><OtherTag ID="BT11" LABEL="GraphicZone" DESCRIPTION="block type GraphicZone"/><OtherTag ID="BT12" LABEL="MainZone" DESCRIPTION="block type MainZone"/><OtherTag ID="BT13" LABEL="MarginTextZone" DESCRIPTION="block type MarginTextZone"/><OtherTag ID="BT14" LABEL="MusicZone" DESCRIPTION="block type MusicZone"/><OtherTag ID="BT15" LABEL="NumberingZone" DESCRIPTION="block type NumberingZone"/><OtherTag ID="BT17" LABEL="QuireMarksZone" DESCRIPTION="block type QuireMarksZone"/><OtherTag ID="BT18" LABEL="RunningTitleZone" DESCRIPTION="block type RunningTitleZone"/><OtherTag ID="BT19" LABEL="SealZone" DESCRIPTION="block type SealZone"/><OtherTag ID="BT20" LABEL="StampZone" DESCRIPTION="block type StampZone"/><OtherTag ID="BT21" LABEL="TableZone" DESCRIPTION="block type TableZone"/><OtherTag ID="BT22" LABEL="TitlePageZone" DESCRIPTION="block type TitlePageZone"/>
    <OtherTag ID="LT7" LABEL="CustomLine" DESCRIPTION="line type CustomLine"/><OtherTag ID="LT8" LABEL="DefaultLine" DESCRIPTION="line type DefaultLine"/><OtherTag ID="LT9" LABEL="DropCapitalLine" DESCRIPTION="line type DropCapitalLine"/><OtherTag ID="LT10" LABEL="HeadingLine" DESCRIPTION="line type HeadingLine"/><OtherTag ID="LT11" LABEL="InterlinearLine" DESCRIPTION="line type InterlinearLine"/><OtherTag ID="LT12" LABEL="MusicLine" DESCRIPTION="line type MusicLine"/><OtherTag ID="LT1202" LABEL="default" DESCRIPTION="line type default"/>
  </Tags>
  <Layout>
    <Page WIDTH="3000"
          HEIGHT="4000"
          PHYSICAL_IMG_NR="1"
          ID="eSc_dummypage_">
      <PrintSpace HPOS="0"
                  VPOS="0"
                  WIDTH="3000"
                  HEIGHT="4000">
        <TextBlock ID="eSc_dummyblock_">
          <TextLine ID="eSc_line_187e4423"
                    TAGREFS="LT1202"
                    BASELINE="657 282 1493 273 1946 284" 
                    HPOS="655"
                    VPOS="195"
                    WIDTH="1291"
                    HEIGHT="158">
            <Shape><Polygon POINTS="1924 204 1915 202 1900 202 1877 202 1864 202 1824 215 1771 202 1766 202 1751 202 1702 224 1608 208 1606 208 1604 208 1602 208 1602 211 1586 226 1453 226 1440 215 1437 215 1435 215 1433 215 1355 226 1326 200 1322 200 1300 197 1277 197 1255 197 1233 197 1211 197 1188 197 1166 197 1144 197 1122 197 1100 197 1091 197 1060 228 1035 228 991 195 988 195 986 195 966 195 944 195 924 195 922 195 920 195 917 195 873 226 815 220 788 195 786 195 784 195 766 195 744 195 722 195 708 195 706 195 704 195 702 195 655 224 657 282 657 346 1942 353 1946 284 1944 222 1924 204"/></Shape>
            <String CONTENT="De l&#x27;an 1774. jusqu&#x27;a 1786."
                    HPOS="655"
                    VPOS="195"
                    WIDTH="1291"
                    HEIGHT="158"
                    WC="0.9677710974657977"></String>
          </TextLine>
          <TextLine ID="eSc_line_0a9d05d6"
                    TAGREFS="LT1202"
                    BASELINE="460 488 1113 475 2433 491 2797 504" 
                    HPOS="460"
                    VPOS="413"
                    WIDTH="2337"
                    HEIGHT="113">
            <Shape><Polygon POINTS="2791 451 2768 451 2746 451 2724 451 2702 451 2680 448 2657 448 2635 448 2613 448 2591 448 2568 446 2546 446 2524 446 2502 446 2480 446 2457 444 2435 444 2413 444 2402 444 2393 444 2371 444 2348 442 2337 442 2333 444 2171 444 2155 440 2148 440 2126 437 2104 437 2082 437 2060 437 2037 437 2020 435 1977 442 1960 435 1948 435 1928 435 1908 442 1708 442 1677 428 1660 428 1637 428 1615 428 1595 428 1560 433 1531 426 1526 426 1504 426 1482 426 1460 426 1437 424 1415 424 1393 424 1371 424 1348 424 1326 422 1304 422 1282 422 1275 422 1248 433 1215 420 1215 420 1193 420 1175 420 960 435 931 420 928 420 926 420 857 433 804 415 802 415 800 415 797 415 748 433 700 415 697 415 695 415 633 428 562 413 502 413 500 413 497 413 460 428 460 488 460 511 895 500 955 515 957 515 960 515 1195 502 1217 515 1220 515 1222 515 1224 515 1455 504 1706 520 1708 520 1711 520 1760 506 1933 522 1935 522 2008 511 2080 522 2082 522 2235 511 2488 526 2491 526 2493 526 2531 515 2793 520 2797 504 2795 451 2791 451"/></Shape>
            <String CONTENT="Le tut qu&#x27;on se propose généralement en écrivant la journal de sa vie, cest"
                    HPOS="460"
                    VPOS="413"
                    WIDTH="2337"
                    HEIGHT="113"
                    WC="0.9794803414589319"></String>
          </TextLine>
          <TextLine ID="eSc_line_7f305c6b"
                    TAGREFS="LT1202"
                    BASELINE="235 608 653 580 988 571 2817 593" 
                    HPOS="233"
                    VPOS="504"
                    WIDTH="2584"
                    HEIGHT="120">
            <Shape><Polygon POINTS="302 533 280 537 257 540 246 551 235 608 233 611 608 615 611 615 686 604 731 615 733 615 735 615 886 595 1026 604 1028 604 1182 593 1226 615 1228 615 1231 615 1233 615 1284 597 1331 615 1333 615 1335 615 1337 615 1377 595 1508 595 1624 622 1626 622 1728 602 1804 622 1806 622 1808 622 1811 622 1868 602 1915 613 1917 613 1920 613 2062 600 2206 611 2208 611 2315 602 2406 624 2408 624 2411 624 2413 624 2488 602 2646 622 2648 622 2815 615 2817 593 2815 551 2668 517 2493 517 2491 517 2488 517 2426 535 2328 522 2326 522 2324 522 2231 546 2117 533 2115 533 2026 544 1933 526 1931 526 1928 526 1893 535 1840 511 1837 511 1835 511 1751 524 1720 511 1717 511 1584 511 1582 511 1580 511 1528 528 1473 508 1471 508 1468 508 1340 520 1226 511 1224 511 1222 511 1173 524 1066 506 1064 506 928 535 871 513 868 513 771 504 768 504 664 531 302 531 302 533"/></Shape>
            <String CONTENT="se carvenir plus faiteuant à une par faita conaissance de soi même. Le fidéla tableau"
                    HPOS="233"
                    VPOS="504"
                    WIDTH="2584"
                    HEIGHT="120"
                    WC="0.9707642793655396"></String>
          </TextLine>
          <TextLine ID="eSc_line_16e8656d"
                    TAGREFS="LT1202"
                    BASELINE="235 704 686 668 1044 660 2200 668 2826 688" 
                    HPOS="235"
                    VPOS="606"
                    WIDTH="2591"
                    HEIGHT="102">
            <Shape><Polygon POINTS="235 704 244 708 624 708 624 706 626 706 715 684 926 706 928 706 931 706 975 684 1380 684 1442 706 1444 706 1446 706 1557 691 1651 706 1653 706 1655 706 1688 693 1746 702 1748 702 1751 702 1808 688 1942 708 1944 708 1946 708 1984 688 2057 686 2115 700 2117 700 2120 700 2351 688 2393 700 2395 700 2397 700 2400 700 2444 688 2568 708 2571 708 2824 704 2826 688 2824 640 2580 640 2537 622 2535 622 2411 617 2408 617 2406 617 2371 631 2322 608 2320 608 2133 608 2131 608 2128 608 2080 622 1991 608 1988 608 1986 608 1928 635 1788 624 1786 624 1688 635 1524 608 1522 608 1411 620 1366 606 1364 606 1362 606 742 628 655 608 653 608 651 608 580 631 542 620 540 620 537 620 535 620 480 635 235 635 235 704"/></Shape>
            <String CONTENT="le nos actions, de nor jugement, et de nor proivées, nous fait conaitré les mouremens"
                    HPOS="235"
                    VPOS="606"
                    WIDTH="2591"
                    HEIGHT="102"
                    WC="0.9830877013590144"></String>
          </TextLine>
          <TextLine ID="eSc_line_40d6adf3"
                    TAGREFS="LT1202"
                    BASELINE="235 797 586 768 1020 753 2757 764" 
                    HPOS="235"
                    VPOS="693"
                    WIDTH="2522"
                    HEIGHT="104">
            <Shape><Polygon POINTS="235 797 262 797 828 791 1011 773 1164 775 1215 797 1217 797 1220 797 1222 797 1308 773 1537 773 1611 791 1613 791 1615 791 1708 775 2008 775 2071 797 2073 797 2075 797 2224 780 2324 795 2326 795 2526 775 2704 797 2706 797 2708 797 2755 777 2757 764 2755 724 2697 711 2695 711 2542 717 2515 706 2513 706 2511 706 2508 706 2475 715 2446 702 2444 702 2442 702 2075 720 1924 693 1806 693 1804 693 1708 713 1660 693 1657 693 1655 693 1564 713 1448 693 1446 693 1342 713 1286 693 1284 693 866 693 864 693 740 722 631 700 628 700 626 700 562 724 235 724 235 797"/></Shape>
            <String CONTENT="t de notre aue, ils se dèreloppent avec franchise et vu présentant à notre"
                    HPOS="235"
                    VPOS="693"
                    WIDTH="2522"
                    HEIGHT="104"
                    WC="0.964151638668853"></String>
          </TextLine>
          <TextLine ID="eSc_line_208dbe01"
                    TAGREFS="LT1202"
                    BASELINE="235 875 1000 844 2813 853" 
                    HPOS="233"
                    VPOS="784"
                    WIDTH="2580"
                    HEIGHT="109">
            <Shape><Polygon POINTS="235 875 235 893 520 880 604 891 606 891 873 866 1073 884 1075 884 1077 884 1122 864 1624 864 1720 888 1722 888 1724 888 1815 868 2022 886 2024 886 2026 886 2068 873 2200 873 2244 888 2246 888 2248 888 2355 873 2808 875 2813 853 2811 811 2631 811 2557 793 2555 793 2553 793 2522 811 2253 811 2204 788 2202 788 2200 788 2051 806 1955 784 1822 784 1820 784 1817 784 1768 802 1668 784 1666 784 1664 784 1568 811 1502 784 1500 784 1497 784 1393 800 1355 784 1353 784 1351 784 1348 784 1317 797 1191 786 1188 786 1088 804 1046 786 1044 786 822 786 820 786 728 804 624 786 622 786 508 795 506 795 468 815 233 815 235 875"/></Shape>
            <String CONTENT="inagination vour leur vrai point de vue. L&#x27;agréable souvenir que réseille en"
                    HPOS="233"
                    VPOS="784"
                    WIDTH="2580"
                    HEIGHT="109"
                    WC="0.9763720799715091"></String>
          </TextLine>
          <TextLine ID="eSc_line_6d8ce3f1"
                    TAGREFS="LT1202"
                    BASELINE="233 964 1226 935 2782 948" 
                    HPOS="231"
                    VPOS="875"
                    WIDTH="2551"
                    HEIGHT="105">
            <Shape><Polygon POINTS="233 964 233 980 546 977 548 977 580 962 684 962 1160 971 1162 971 1164 971 1166 971 1184 960 1295 971 1297 971 1300 971 1324 960 1626 960 1784 975 1786 975 1866 962 1988 975 1991 975 2091 964 2126 975 2128 975 2131 975 2255 962 2284 973 2286 973 2288 975 2495 975 2495 973 2497 973 2548 957 2584 971 2586 971 2777 973 2782 948 2780 904 2551 904 2520 891 2517 891 2515 891 2275 902 2213 875 2211 875 2151 875 2148 875 2146 875 2068 904 1971 877 1968 877 1966 877 1842 897 1746 877 1744 877 1742 877 1702 897 1648 877 1646 877 1484 877 1482 877 1480 877 1408 895 1322 877 1320 877 1317 877 1244 902 1184 882 1182 882 1180 882 1177 882 1133 900 1100 891 1097 891 1095 891 1026 906 731 880 728 880 633 902 546 880 544 880 542 880 540 880 448 908 231 908 233 964"/></Shape>
            <String CONTENT="pous le leit des évâneuent pasiés de notre die, le plaisir qu&#x27;éprouveront nou"
                    HPOS="231"
                    VPOS="875"
                    WIDTH="2551"
                    HEIGHT="105"
                    WC="0.981147277870296"></String>
          </TextLine>
          <TextLine ID="eSc_line_9750e3a1"
                    TAGREFS="LT1202"
                    BASELINE="226 1057 1171 1031 2795 1044" 
                    HPOS="224"
                    VPOS="971"
                    WIDTH="2571"
                    HEIGHT="102">
            <Shape><Polygon POINTS="226 1057 226 1073 573 1068 575 1068 606 1055 813 1055 860 1068 862 1068 864 1068 1040 1055 1108 1071 1111 1071 1211 1055 1404 1055 1448 1071 1451 1071 1453 1073 1535 1073 1535 1071 1537 1071 1573 1055 1628 1071 1631 1071 1633 1071 1715 1055 1851 1055 1886 1071 1888 1071 1891 1071 1893 1071 1937 1055 2031 1071 2033 1071 2104 1057 2202 1071 2204 1071 2320 1057 2791 1062 2795 1044 2793 995 2546 977 2544 977 2542 977 2495 995 2322 995 2122 971 2120 971 2117 971 2060 997 1920 997 1884 977 1882 977 1880 977 1877 977 1833 995 1726 971 1724 971 1722 971 1664 997 1504 997 1397 971 1395 971 1297 986 1266 971 1264 971 1117 971 1115 971 1113 971 1082 984 1048 971 1046 971 1044 971 964 982 920 971 917 971 668 971 666 971 520 995 424 982 422 982 420 982 380 997 224 997 226 1057"/></Shape>
            <String CONTENT="rescendants à la lecture des faits historiques, les leçons qu&#x27;ils puiveront dans"
                    HPOS="224"
                    VPOS="971"
                    WIDTH="2571"
                    HEIGHT="102"
                    WC="0.9824641550459513"></String>
          </TextLine>
          <TextLine ID="eSc_line_1bf68a40"
                    TAGREFS="LT1202"
                    BASELINE="224 1153 1448 1124 2451 1133 2873 1146" 
                    HPOS="222"
                    VPOS="1062"
                    WIDTH="2651"
                    HEIGHT="122">
            <Shape><Polygon POINTS="2866 1077 2673 1086 2604 1066 2602 1066 2600 1066 2597 1066 2537 1088 2280 1088 2206 1062 2204 1062 2004 1062 2002 1062 2000 1062 1931 1093 1873 1073 1871 1073 1868 1073 1773 1093 1684 1064 1682 1064 1680 1064 1457 1066 1455 1066 1386 1086 1328 1071 1326 1071 1324 1071 1200 1084 1080 1068 1077 1068 811 1080 688 1102 508 1091 506 1091 504 1091 457 1104 222 1104 224 1153 224 1184 322 1171 400 1182 402 1182 673 1177 675 1177 717 1155 806 1155 895 1157 937 1177 940 1177 942 1177 1028 1175 1031 1175 1095 1153 1257 1153 1326 1175 1328 1175 1331 1175 1400 1173 1402 1173 1448 1148 1664 1148 1764 1148 1833 1171 1835 1171 1837 1171 2042 1146 2140 1168 2142 1168 2291 1146 2340 1164 2342 1164 2344 1164 2871 1162 2873 1146 2868 1082 2866 1077"/></Shape>
            <String CONTENT="por malheurs, sont les fruits de ce long travail.. Aiguittoné par ces motifs je n&#x27;ai"
                    HPOS="222"
                    VPOS="1062"
                    WIDTH="2651"
                    HEIGHT="122"
                    WC="0.9777523692916421"></String>
          </TextLine>
          <TextLine ID="eSc_line_9562a984"
                    TAGREFS="LT1202"
                    BASELINE="220 1248 1391 1226 2757 1242" 
                    HPOS="217"
                    VPOS="1166"
                    WIDTH="2540"
                    HEIGHT="105">
            <Shape><Polygon POINTS="220 1248 220 1271 506 1260 766 1268 768 1268 771 1268 824 1253 1608 1253 1722 1268 1724 1268 1726 1268 1775 1251 1900 1251 1931 1266 1933 1266 1935 1268 1995 1268 1995 1266 1997 1266 2028 1251 2186 1266 2188 1266 2377 1251 2404 1262 2406 1262 2753 1266 2757 1242 2755 1193 2506 1193 2444 1166 2442 1166 2342 1166 2340 1166 2244 1188 2191 1168 2188 1168 2062 1166 2060 1166 2057 1166 2026 1180 1988 1168 1986 1168 1984 1168 1982 1168 1906 1191 1635 1168 1633 1168 1631 1168 1593 1188 1493 1195 1375 1195 1315 1168 1313 1168 1311 1168 1182 1186 1137 1171 1135 1171 1133 1171 1131 1171 1082 1182 808 1168 806 1168 804 1168 757 1182 708 1168 706 1168 704 1168 622 1180 564 1168 562 1168 560 1168 506 1191 455 1171 453 1171 451 1171 448 1171 371 1193 217 1195 220 1248"/></Shape>
            <String CONTENT="vint redoute les obstacles attachés a un ouvrage aussi étendu; la haine se"
                    HPOS="217"
                    VPOS="1166"
                    WIDTH="2540"
                    HEIGHT="105"
                    WC="0.9875025906060871"></String>
          </TextLine>
          <TextLine ID="eSc_line_36e640a5"
                    TAGREFS="LT1202"
                    BASELINE="204 1351 1168 1331 2877 1348" 
                    HPOS="204"
                    VPOS="1275"
                    WIDTH="2673"
                    HEIGHT="96">
            <Shape><Polygon POINTS="204 1351 204 1368 504 1368 504 1366 506 1366 548 1355 613 1368 615 1368 846 1357 1131 1368 1133 1368 1222 1355 1328 1355 1353 1371 1355 1371 1357 1371 1360 1371 1475 1357 1746 1357 1793 1371 1795 1371 1797 1371 1891 1357 2873 1368 2877 1348 2873 1284 2171 1297 2133 1280 2131 1280 2128 1280 2053 1295 1971 1280 1748 1277 1746 1277 1744 1277 1708 1293 1653 1282 1651 1282 1586 1295 1517 1277 1515 1277 1513 1277 1284 1293 1115 1275 1113 1275 1111 1275 1068 1293 922 1293 888 1282 886 1282 884 1282 735 1293 693 1275 691 1275 606 1275 604 1275 602 1275 551 1293 204 1293 204 1351"/></Shape>
            <String CONTENT="coisereté et l&#x27;amour des occupations uliles me les feront aisément veinere. J&#x27;écris"
                    HPOS="204"
                    VPOS="1275"
                    WIDTH="2673"
                    HEIGHT="96"
                    WC="0.9709453790686852"></String>
          </TextLine>
          <TextLine ID="eSc_line_f6e661ff"
                    TAGREFS="LT1202"
                    BASELINE="206 1442 1613 1433 2873 1451" 
                    HPOS="204"
                    VPOS="1375"
                    WIDTH="2669"
                    HEIGHT="100">
            <Shape><Polygon POINTS="206 1442 204 1453 275 1468 277 1468 464 1453 502 1471 504 1471 506 1471 644 1460 944 1471 946 1471 948 1471 986 1457 1135 1471 1137 1471 1233 1455 1302 1473 1304 1473 1306 1473 1308 1473 1360 1457 1668 1457 1711 1468 1713 1468 1715 1468 1922 1457 2073 1475 2075 1475 2368 1460 2868 1475 2873 1451 2871 1377 2582 1377 2580 1377 2577 1377 2497 1397 2420 1377 2417 1377 2415 1377 2413 1377 2340 1400 2195 1377 2193 1377 2191 1377 2135 1402 2075 1402 1973 1380 1971 1380 1968 1380 1917 1395 1791 1375 1613 1375 1611 1375 1608 1375 1571 1391 1448 1377 1446 1377 1444 1377 1397 1397 1137 1384 1135 1384 1133 1384 1108 1395 1068 1384 1066 1384 1064 1384 1062 1384 1037 1397 813 1397 644 1382 642 1382 206 1393 206 1442"/></Shape>
            <String CONTENT="dans la langue française, par ce qu&#x27;elle m&#x27;est plus étrangére que la maternelle"
                    HPOS="204"
                    VPOS="1375"
                    WIDTH="2669"
                    HEIGHT="100"
                    WC="0.9871044093515815"></String>
          </TextLine>
          <TextLine ID="eSc_line_15156309"
                    TAGREFS="LT1202"
                    BASELINE="204 1535 1380 1531 2895 1553" 
                    HPOS="202"
                    VPOS="1466"
                    WIDTH="2693"
                    HEIGHT="116">
            <Shape><Polygon POINTS="204 1535 202 1548 311 1564 313 1564 531 1553 624 1566 626 1566 1002 1555 1053 1568 1055 1568 1057 1568 1060 1568 1084 1557 1182 1568 1184 1568 1311 1557 1335 1568 1337 1568 1340 1568 1411 1557 1457 1573 1460 1573 1462 1573 1464 1573 1511 1560 1702 1560 1744 1571 1746 1571 1748 1571 1995 1562 2455 1580 2457 1580 2593 1566 2891 1582 2895 1553 2893 1508 2748 1508 2675 1484 2673 1484 2671 1484 2668 1484 2608 1506 2377 1480 2375 1480 2262 1497 2144 1495 2108 1477 2106 1477 2104 1477 2035 1488 2006 1475 2004 1475 1771 1475 1768 1475 1766 1475 1733 1486 1591 1473 1588 1473 1406 1486 1300 1471 1297 1471 1060 1493 1008 1475 1006 1475 1004 1475 862 1482 828 1466 826 1466 824 1466 822 1466 740 1491 548 1480 546 1480 544 1480 513 1488 484 1475 482 1475 480 1475 477 1475 442 1488 204 1488 204 1535"/></Shape>
            <String CONTENT="et exerciie me perfectionera et donera plus de sacilité à mon stale pour l&#x27;avenir."
                    HPOS="202"
                    VPOS="1466"
                    WIDTH="2693"
                    HEIGHT="116"
                    WC="0.9790226114647729"></String>
          </TextLine>
          <TextLine ID="eSc_line_797c2e29"
                    TAGREFS="LT1202"
                    BASELINE="277 1635 1300 1635 2357 1648 2828 1664" 
                    HPOS="275"
                    VPOS="1568"
                    WIDTH="2553"
                    HEIGHT="114">
            <Shape><Polygon POINTS="277 1635 275 1648 331 1662 333 1662 651 1655 686 1666 688 1666 691 1666 755 1655 868 1668 871 1668 1093 1657 1217 1668 1220 1668 1271 1660 1295 1671 1297 1671 1300 1671 1302 1671 1342 1660 1582 1660 1668 1675 1671 1675 1837 1664 1868 1677 1871 1677 1873 1680 2026 1680 2026 1677 2028 1677 2053 1666 2391 1682 2393 1682 2826 1673 2828 1664 2828 1611 2795 1600 2793 1600 2791 1600 2593 1611 2531 1588 2528 1588 2526 1588 2422 1604 2328 1586 2193 1586 2191 1586 2188 1586 2140 1606 1940 1606 1897 1584 1895 1584 1893 1584 1657 1593 1591 1580 1588 1580 1473 1582 1471 1582 1408 1600 1155 1577 1153 1577 1040 1595 606 1595 497 1580 495 1580 442 1591 371 1571 368 1571 277 1568 277 1635"/></Shape>
            <String CONTENT="Je comence mon journal seulement à ma 25^ee anée, c.ad. le 1^er 9^bre 1799. à"
                    HPOS="275"
                    VPOS="1568"
                    WIDTH="2553"
                    HEIGHT="114"
                    WC="0.9668707188218832"></String>
          </TextLine>
          <TextLine ID="eSc_line_8edc5d2f"
                    TAGREFS="LT1202"
                    BASELINE="200 1717 1346 1722 2855 1753" 
                    HPOS="197"
                    VPOS="1662"
                    WIDTH="2658"
                    HEIGHT="118">
            <Shape><Polygon POINTS="200 1717 197 1744 651 1751 653 1751 655 1751 706 1737 795 1753 797 1753 860 1740 1346 1762 1348 1762 1471 1748 1686 1766 1688 1766 1806 1755 1935 1771 1937 1771 2060 1762 2086 1773 2088 1773 2091 1773 2391 1762 2455 1777 2457 1777 2613 1780 2615 1780 2853 1766 2855 1753 2853 1715 2797 1702 2795 1702 2724 1713 2468 1697 2466 1697 2424 1706 2386 1688 2384 1688 2382 1688 2120 1704 2077 1684 2075 1684 2073 1684 1948 1702 1782 1680 1780 1680 1537 1695 1471 1675 1468 1675 1375 1675 1373 1675 1371 1675 1333 1691 1153 1671 1151 1671 977 1686 813 1673 811 1673 653 1682 602 1664 600 1664 597 1664 480 1680 442 1662 440 1662 437 1662 284 1677 253 1662 251 1662 248 1662 200 1662 200 1717"/></Shape>
            <String CONTENT="cormondrèche; une convervation que j&#x27;ai eüe ces jours passée avec M^r le Baron de"
                    HPOS="197"
                    VPOS="1662"
                    WIDTH="2658"
                    HEIGHT="118"
                    WC="0.9960991534448805"></String>
          </TextLine>
          <TextLine ID="eSc_line_ca992826"
                    TAGREFS="LT1202"
                    BASELINE="200 1806 1120 1811 2897 1840" 
                    HPOS="197"
                    VPOS="1751"
                    WIDTH="2700"
                    HEIGHT="117">
            <Shape><Polygon POINTS="2893 1800 2708 1780 2706 1780 2704 1780 2653 1795 2573 1777 2571 1777 2568 1777 2517 1795 2426 1795 2151 1791 2095 1771 2093 1771 2091 1771 1953 1782 1864 1768 1446 1762 1444 1762 1353 1777 1197 1777 968 1755 966 1755 871 1771 793 1753 791 1753 657 1768 493 1768 420 1751 417 1751 415 1751 386 1764 273 1751 271 1751 200 1760 200 1806 197 1822 477 1828 515 1844 517 1844 520 1844 522 1844 575 1828 646 1846 648 1846 651 1846 733 1831 811 1848 813 1848 946 1833 993 1851 995 1851 997 1851 1120 1835 1615 1860 1617 1860 1768 1844 1940 1862 1942 1862 1944 1862 1986 1848 2115 1862 2117 1862 2120 1862 2157 1851 2264 1868 2266 1868 2895 1864 2897 1840 2897 1826 2893 1800"/></Shape>
            <String CONTENT="chambrier, ne fait prendre cette résolution; j&#x27;en dirai, d&#x27;avantage quand je sirai"
                    HPOS="197"
                    VPOS="1751"
                    WIDTH="2700"
                    HEIGHT="117"
                    WC="0.9902068706880133"></String>
          </TextLine>
          <TextLine ID="eSc_line_4fbc4da5"
                    TAGREFS="LT1202"
                    BASELINE="200 1900 1097 1904 2817 1937" 
                    HPOS="197"
                    VPOS="1846"
                    WIDTH="2620"
                    HEIGHT="125">
            <Shape><Polygon POINTS="200 1900 197 1920 364 1931 366 1931 480 1917 771 1942 773 1942 864 1924 1311 1928 1455 1953 1457 1953 1722 1937 1871 1955 2142 1962 2144 1962 2146 1962 2182 1948 2546 1971 2548 1971 2815 1953 2817 1937 2815 1902 2615 1882 2613 1882 2611 1882 2573 1897 2471 1897 2433 1877 2431 1877 2428 1877 2342 1893 2144 1893 2048 1873 2046 1873 1968 1884 1860 1864 1857 1864 1515 1880 1457 1860 1455 1860 1453 1860 1451 1860 1377 1877 1044 1851 900 1851 897 1851 895 1851 857 1866 746 1855 744 1855 664 1864 597 1846 595 1846 593 1846 493 1862 200 1857 200 1900"/></Shape>
            <String CONTENT="erive à cette epoque. Je veux maintenant reculer à ma première jeunesse et"
                    HPOS="197"
                    VPOS="1846"
                    WIDTH="2620"
                    HEIGHT="125"
                    WC="0.9958787661094171"></String>
          </TextLine>
          <TextLine ID="eSc_line_88a09745"
                    TAGREFS="LT1202"
                    BASELINE="195 1988 2891 2037" 
                    HPOS="193"
                    VPOS="1942"
                    WIDTH="2698"
                    HEIGHT="126">
            <Shape><Polygon POINTS="195 1988 193 2013 615 2028 617 2028 680 2015 722 2033 724 2033 726 2033 728 2033 762 2017 851 2035 853 2035 913 2022 977 2037 980 2037 1173 2042 1175 2042 1248 2028 1484 2040 1486 2040 1488 2040 1513 2031 1668 2051 1671 2051 1764 2035 1906 2035 1966 2055 1968 2055 2157 2060 2160 2060 2277 2044 2648 2068 2651 2068 2888 2057 2891 2037 2888 2002 2726 1986 2724 1986 2573 1995 2526 1975 2524 1975 2522 1975 2357 1986 2328 1975 2326 1975 2324 1975 2177 1982 2111 1968 1662 1960 1660 1960 1460 1975 1364 1955 1362 1955 1180 1971 1091 1951 1088 1951 1004 1966 962 1953 960 1953 957 1953 691 1962 644 1944 642 1944 640 1944 637 1944 593 1960 493 1942 491 1942 488 1942 455 1957 195 1946 195 1988"/></Shape>
            <String CONTENT="retracer tous les événeuceus majeurs de ces tems, dont la plus part ont beaucoup"
                    HPOS="193"
                    VPOS="1942"
                    WIDTH="2698"
                    HEIGHT="126"
                    WC="0.9721161679523748"></String>
          </TextLine>
          <TextLine ID="eSc_line_aba262e1"
                    TAGREFS="LT1202"
                    BASELINE="191 2084 2882 2137" 
                    HPOS="188"
                    VPOS="2026"
                    WIDTH="2694"
                    HEIGHT="147">
            <Shape><Polygon POINTS="191 2084 188 2117 260 2128 262 2128 393 2115 422 2128 424 2128 426 2128 428 2128 473 2113 635 2113 906 2142 1044 2144 1046 2144 1048 2144 1100 2128 1215 2146 1217 2146 1220 2146 1282 2126 1413 2126 1522 2148 1524 2148 1526 2148 1577 2135 1813 2137 1873 2160 1875 2160 1986 2164 1988 2166 2102 2166 2102 2164 2104 2164 2146 2144 2213 2157 2215 2157 2217 2157 2242 2146 2351 2146 2433 2173 2435 2173 2437 2173 2593 2153 2877 2155 2882 2137 2880 2093 2680 2093 2542 2071 2540 2071 2331 2086 2206 2064 2204 2064 2022 2080 1984 2064 1982 2064 1868 2057 1866 2057 1564 2064 1384 2048 1382 2048 1380 2048 1311 2066 1075 2042 1073 2042 862 2057 415 2051 300 2026 297 2026 191 2037 191 2084"/></Shape>
            <String CONTENT="influé sur mes destinées présentes. Jesuis né à Frienioberg le 6. Mars 1774. trois ans"
                    HPOS="188"
                    VPOS="2026"
                    WIDTH="2694"
                    HEIGHT="147"
                    WC="0.9881284322057452"></String>
          </TextLine>
          <TextLine ID="eSc_line_f784bdd7"
                    TAGREFS="LT1202"
                    BASELINE="197 2188 2924 2242" 
                    HPOS="195"
                    VPOS="2131"
                    WIDTH="2729"
                    HEIGHT="144">
            <Shape><Polygon POINTS="197 2188 195 2215 577 2217 613 2233 615 2233 755 2237 757 2237 840 2224 1011 2244 1013 2244 1104 2228 1237 2248 1240 2248 1364 2237 1446 2253 1448 2253 1555 2237 1613 2255 1615 2255 1786 2260 1788 2260 1900 2244 2468 2273 2471 2273 2575 2257 2626 2275 2628 2275 2631 2275 2922 2264 2924 2242 2922 2200 2644 2197 2604 2182 2602 2182 2600 2182 2411 2191 2240 2166 2080 2164 2077 2164 1940 2182 1900 2162 1897 2162 1788 2157 1786 2157 1606 2168 1526 2153 1524 2153 1426 2164 1262 2148 1260 2148 1122 2166 1011 2166 911 2142 908 2142 768 2160 471 2151 426 2131 424 2131 422 2131 313 2148 197 2142 197 2188"/></Shape>
            <String CONTENT="dema die le sont écoulés dans ce séjour, je puit dire dans le bonheur, car je vivais incone"
                    HPOS="195"
                    VPOS="2131"
                    WIDTH="2729"
                    HEIGHT="144"
                    WC="0.9620334975262905"></String>
          </TextLine>
          <TextLine ID="eSc_line_158184ed"
                    TAGREFS="LT1202"
                    BASELINE="197 2293 802 2300 2875 2346" 
                    HPOS="195"
                    VPOS="2231"
                    WIDTH="2680"
                    HEIGHT="146">
            <Shape><Polygon POINTS="197 2293 195 2308 544 2326 546 2326 664 2320 751 2342 753 2342 755 2342 757 2342 815 2324 1084 2326 1235 2353 1237 2355 1346 2355 1346 2353 1348 2353 1395 2337 1540 2360 1686 2362 1688 2362 1753 2348 1968 2368 1971 2368 1973 2368 2022 2351 2073 2371 2075 2371 2077 2373 2135 2373 2135 2371 2224 2355 2266 2375 2268 2375 2271 2375 2397 2364 2440 2375 2442 2375 2444 2375 2446 2375 2488 2360 2666 2360 2717 2377 2720 2377 2722 2377 2724 2377 2762 2364 2871 2364 2875 2346 2875 2304 2720 2282 2717 2282 2466 2297 2420 2275 2417 2275 2415 2275 2260 2293 2155 2268 2153 2268 1968 2286 1873 2286 1826 2262 1824 2262 1822 2262 1702 2277 1533 2255 1531 2255 1422 2271 1366 2253 1364 2253 1226 2248 1224 2248 1222 2248 1166 2264 1104 2246 1102 2246 1100 2246 1097 2246 1026 2264 820 2264 755 2262 706 2237 704 2237 702 2237 613 2257 275 2251 197 2231 197 2293"/></Shape>
            <String CONTENT="à moi même. Mon pére dont la préfecture de ce baillage allait à vafin, ve rendit à"
                    HPOS="195"
                    VPOS="2231"
                    WIDTH="2680"
                    HEIGHT="146"
                    WC="0.9854116135022857"></String>
          </TextLine>
          <TextLine ID="eSc_line_1da29891"
                    TAGREFS="LT1202"
                    BASELINE="193 2391 2848 2448" 
                    HPOS="191"
                    VPOS="2337"
                    WIDTH="2657"
                    HEIGHT="143">
            <Shape><Polygon POINTS="193 2391 191 2411 620 2431 622 2431 788 2424 908 2442 911 2442 977 2428 1420 2453 1422 2453 1602 2442 1724 2460 1726 2460 1824 2448 1860 2462 1862 2462 2031 2466 2033 2466 2231 2455 2391 2473 2393 2473 2600 2466 2642 2480 2644 2480 2646 2480 2846 2466 2848 2448 2846 2397 2642 2406 2557 2404 2522 2386 2520 2386 2517 2386 2437 2402 2335 2382 2211 2380 2208 2380 2140 2395 2080 2377 2077 2377 2075 2377 1928 2391 1613 2366 1611 2366 1475 2375 1451 2364 1448 2364 1206 2360 1204 2360 1202 2360 1168 2373 1124 2362 1122 2362 1120 2362 1011 2371 960 2353 957 2353 955 2353 808 2366 702 2346 700 2346 500 2360 322 2357 275 2337 273 2337 271 2337 193 2342 193 2391"/></Shape>
            <String CONTENT="Berne avec toute sa samille, je passai toute mon enfance alterrativement"
                    HPOS="191"
                    VPOS="2337"
                    WIDTH="2657"
                    HEIGHT="143"
                    WC="0.9857063144445419"></String>
          </TextLine>
          <TextLine ID="eSc_line_70e25ca5"
                    TAGREFS="LT1202"
                    BASELINE="204 2493 1122 2522 2855 2551" 
                    HPOS="202"
                    VPOS="2437"
                    WIDTH="2653"
                    HEIGHT="154">
            <Shape><Polygon POINTS="202 2515 688 2524 826 2551 828 2551 831 2551 904 2533 1082 2560 1084 2560 1480 2544 1526 2568 1528 2568 1675 2571 1677 2571 1680 2571 1753 2548 1953 2553 2073 2580 2075 2580 2077 2580 2151 2560 2271 2560 2440 2580 2442 2580 2640 2577 2666 2591 2668 2591 2671 2591 2853 2580 2855 2551 2853 2511 2764 2497 2762 2497 2606 2504 2542 2484 2540 2484 2537 2484 2397 2500 2357 2480 2355 2480 2297 2477 2295 2477 2293 2477 2242 2497 1775 2477 1773 2477 1664 2486 1588 2473 1586 2473 1584 2473 1546 2484 1235 2468 1233 2468 1186 2477 1140 2455 1137 2455 957 2451 955 2451 953 2451 902 2471 757 2471 668 2446 666 2446 511 2442 508 2442 346 2460 206 2437 204 2493 202 2515"/></Shape>
            <String CONTENT="dans cette d&#x27;ille ou à Riichberg, une campagne de mes partetts. Enliver je"
                    HPOS="202"
                    VPOS="2437"
                    WIDTH="2653"
                    HEIGHT="154"
                    WC="0.9944342843691508"></String>
          </TextLine>
          <TextLine ID="eSc_line_488b8a04"
                    TAGREFS="LT1202"
                    BASELINE="191 2597 2906 2664" 
                    HPOS="188"
                    VPOS="2537"
                    WIDTH="2718"
                    HEIGHT="160">
            <Shape><Polygon POINTS="191 2597 188 2633 282 2637 284 2637 371 2622 551 2624 602 2642 604 2642 606 2642 682 2633 737 2648 740 2648 935 2653 937 2653 940 2653 977 2637 1037 2655 1040 2655 1042 2655 1157 2646 1204 2660 1206 2660 1208 2660 1337 2646 1395 2664 1397 2664 1400 2664 1593 2653 1746 2668 1748 2668 1751 2668 1784 2657 1851 2671 1853 2671 1986 2662 2091 2682 2093 2682 2180 2666 2348 2686 2351 2686 2451 2675 2575 2686 2577 2686 2580 2686 2613 2677 2724 2697 2726 2697 2904 2686 2906 2664 2906 2606 2746 2597 2744 2597 2635 2615 2544 2591 2542 2591 2540 2591 2382 2608 2335 2593 2333 2593 2211 2588 2208 2588 2206 2588 2182 2600 1997 2577 1995 2577 1915 2591 1873 2575 1871 2575 1682 2571 1680 2571 1548 2588 1515 2575 1513 2575 1511 2575 1508 2575 1471 2586 1191 2582 1084 2555 1082 2555 913 2573 631 2546 628 2546 551 2564 453 2551 451 2551 373 2560 320 2537 317 2537 315 2537 191 2542 191 2597"/></Shape>
            <String CONTENT="sréquentair le collège, en été des precepteurs étaient charger de mon aducation."
                    HPOS="188"
                    VPOS="2537"
                    WIDTH="2718"
                    HEIGHT="160"
                    WC="0.9823025258148418"></String>
          </TextLine>
          <TextLine ID="eSc_line_7a32cb65"
                    TAGREFS="LT1202"
                    BASELINE="182 2702 2391 2762 2906 2766" 
                    HPOS="182"
                    VPOS="2642"
                    WIDTH="2724"
                    HEIGHT="164">
            <Shape><Polygon POINTS="182 2702 182 2733 360 2728 402 2746 404 2746 406 2746 528 2735 635 2753 868 2760 871 2760 1022 2751 1208 2768 1211 2768 1431 2757 1633 2780 1635 2780 1715 2764 1802 2784 1804 2784 1806 2784 1860 2771 1953 2782 1955 2782 2042 2773 2075 2791 2077 2791 2142 2793 2144 2793 2264 2780 2468 2782 2566 2804 2568 2806 2677 2806 2677 2804 2680 2804 2720 2791 2902 2800 2906 2766 2904 2733 2664 2728 2555 2704 2468 2702 2466 2702 2464 2702 2426 2715 2306 2697 2304 2697 2184 2715 2068 2715 2017 2697 2015 2697 2013 2697 1800 2708 1748 2684 1746 2684 1624 2680 1622 2680 1477 2700 1431 2675 1428 2675 1426 2675 1266 2693 628 2680 600 2664 597 2664 595 2664 526 2675 182 2642 182 2702"/></Shape>
            <String CONTENT="Les dix premiéres apées mes occupations se bornérent a apprendre les princibes"
                    HPOS="182"
                    VPOS="2642"
                    WIDTH="2724"
                    HEIGHT="164"
                    WC="0.9972068476088253"></String>
          </TextLine>
          <TextLine ID="eSc_line_1be2226a"
                    TAGREFS="LT1202"
                    BASELINE="195 2806 2891 2886" 
                    HPOS="193"
                    VPOS="2753"
                    WIDTH="2698"
                    HEIGHT="167">
            <Shape><Polygon POINTS="193 2828 351 2846 353 2846 406 2837 491 2860 493 2860 495 2860 684 2851 768 2866 771 2866 937 2853 1180 2875 1182 2875 1184 2875 1240 2862 1317 2884 1320 2884 1322 2884 1446 2868 1693 2895 1695 2895 1831 2880 1913 2902 1915 2902 2015 2904 2017 2904 2020 2904 2055 2891 2144 2908 2146 2908 2148 2908 2202 2893 2308 2893 2440 2917 2548 2920 2551 2920 2553 2920 2588 2904 2886 2913 2891 2886 2886 2828 2731 2835 2642 2822 2640 2822 2535 2837 2426 2822 2424 2822 2368 2833 1931 2822 1815 2802 1813 2802 1706 2813 1620 2791 1617 2791 1615 2791 1395 2804 1320 2804 1277 2782 1275 2782 1273 2782 1222 2793 1171 2777 1168 2777 1037 2777 1035 2777 957 2791 704 2780 644 2762 642 2762 640 2762 502 2773 413 2755 411 2755 286 2764 197 2753 195 2806 193 2828"/></Shape>
            <String CONTENT="de notre religion, ceux de la langua Ealine, et du grac, je renonçais à cette"
                    HPOS="193"
                    VPOS="2753"
                    WIDTH="2698"
                    HEIGHT="167"
                    WC="0.9744757904282099"></String>
          </TextLine>
          <TextLine ID="eSc_line_a0e4e64f"
                    TAGREFS="LT1202"
                    BASELINE="195 2911 784 2942 2540 2988 2868 2988" 
                    HPOS="193"
                    VPOS="2860"
                    WIDTH="2675"
                    HEIGHT="168">
            <Shape><Polygon POINTS="195 2911 193 2940 404 2957 406 2960 406 2957 511 2951 571 2973 573 2973 673 2977 675 2977 804 2962 846 2982 848 2982 851 2982 1024 2971 1068 2986 1071 2986 1186 2991 1188 2991 1273 2977 1393 2997 1395 2997 1515 2980 1606 2997 1608 2997 1682 2988 1735 3006 1737 3006 1926 3013 1928 3013 2048 2997 2186 3017 2188 3017 2291 3002 2342 3024 2344 3024 2475 3028 2477 3028 2480 3028 2551 3011 2791 3028 2793 3028 2866 3015 2868 2988 2866 2942 2786 2931 2784 2931 2677 2951 2560 2951 2444 2922 2442 2922 2440 2922 2364 2942 2220 2926 2217 2926 2086 2935 2008 2908 2006 2908 1926 2908 1924 2908 1922 2908 1853 2928 1760 2902 1757 2902 1553 2897 1551 2897 1484 2911 1433 2893 1431 2893 1428 2893 1426 2893 1362 2913 1106 2908 1064 2893 1062 2893 1060 2893 1057 2893 1028 2904 951 2891 948 2891 946 2891 920 2902 753 2900 668 2895 595 2868 593 2868 591 2868 380 2886 271 2860 268 2860 266 2860 195 2862 195 2911"/></Shape>
            <String CONTENT="derniere langue aussi tôt qu&#x27;il fut décedé que je ne me voucrau pas au Sr"
                    HPOS="193"
                    VPOS="2860"
                    WIDTH="2675"
                    HEIGHT="168"
                    WC="0.9671281631055632"></String>
          </TextLine>
          <TextLine ID="eSc_line_c271529f"
                    TAGREFS="LT1202"
                    BASELINE="197 3015 468 3042 971 3062 2515 3093 2942 3093" 
                    HPOS="195"
                    VPOS="2975"
                    WIDTH="2747"
                    HEIGHT="151">
            <Shape><Polygon POINTS="2935 3037 2857 3037 2855 3037 2853 3037 2802 3055 2684 3055 2646 3037 2644 3037 2642 3037 2640 3037 2604 3051 2466 3051 2442 3035 2440 3035 2437 3035 2435 3035 2362 3046 2246 3028 2244 3028 2153 3037 2053 3015 2051 3015 1946 3035 1760 3035 1624 3006 1622 3006 1620 3006 1562 3028 1400 3002 1397 3002 1171 3013 1100 2995 1097 2995 1095 2995 971 3015 733 2986 673 2984 671 2984 668 2984 588 3006 482 2980 480 2980 477 2980 324 2993 197 2975 197 3015 195 3053 568 3060 604 3080 606 3080 777 3091 780 3091 1257 3088 1306 3102 1308 3102 1575 3108 1577 3108 1715 3088 1762 3108 1764 3108 1766 3108 1908 3097 1957 3111 1960 3111 1962 3111 1964 3111 1997 3100 2097 3120 2100 3120 2180 3104 2237 3120 2240 3120 2242 3120 2244 3120 2302 3106 2424 3124 2426 3124 2582 3108 2644 3126 2646 3126 2648 3126 2717 3113 2937 3124 2942 3093 2942 3048 2935 3037"/></Shape>
            <String CONTENT="ministéres. Les souvenir le plus dasagréable qui me reste de ce ieme le non"
                    HPOS="195"
                    VPOS="2975"
                    WIDTH="2747"
                    HEIGHT="151"
                    WC="0.9769560377319138"></String>
          </TextLine>
          <TextLine ID="eSc_line_7b5319fd"
                    TAGREFS="LT1202"
                    BASELINE="202 3126 566 3155 1097 3171 2922 3202" 
                    HPOS="200"
                    VPOS="3073"
                    WIDTH="2722"
                    HEIGHT="162">
            <Shape><Polygon POINTS="202 3126 200 3166 497 3171 577 3193 580 3193 582 3193 695 3177 837 3193 840 3193 1046 3188 1160 3206 1300 3208 1302 3208 1304 3208 1335 3197 1415 3208 1417 3208 1480 3197 1822 3220 1824 3220 1906 3211 2168 3224 2171 3224 2173 3224 2206 3213 2282 3226 2284 3226 2473 3215 2591 3235 2593 3235 2920 3220 2922 3202 2922 3148 2842 3155 2760 3137 2757 3137 2755 3137 2722 3153 2488 3151 2440 3131 2437 3131 2435 3131 2366 3140 2335 3126 2333 3126 2331 3126 2328 3126 2273 3144 2153 3144 2086 3111 2084 3111 2082 3111 2004 3124 1960 3108 1957 3108 1955 3108 1820 3135 1708 3120 1706 3120 1604 3131 1537 3113 1535 3113 1533 3113 1531 3113 1488 3128 1246 3100 1244 3100 1055 3113 1013 3093 1011 3093 853 3086 851 3086 680 3108 637 3097 635 3097 633 3097 531 3102 477 3077 475 3077 202 3073 202 3126"/></Shape>
            <String CONTENT="adolescence, est la dosunion constante entre mon frère cadet et moi. Que"
                    HPOS="200"
                    VPOS="3073"
                    WIDTH="2722"
                    HEIGHT="162"
                    WC="0.9943373913634314"></String>
          </TextLine>
          <TextLine ID="eSc_line_9cec70a1"
                    TAGREFS="LT1202"
                    BASELINE="195 3246 777 3280 1824 3293 2940 3331" 
                    HPOS="193"
                    VPOS="3186"
                    WIDTH="2747"
                    HEIGHT="176">
            <Shape><Polygon POINTS="195 3246 193 3273 340 3295 342 3295 464 3282 615 3302 1224 3304 1362 3324 1364 3324 1584 3313 1675 3333 1677 3333 1808 3320 1940 3333 1942 3333 1944 3333 1980 3324 2020 3342 2022 3342 2024 3342 2093 3328 2357 3346 2360 3346 2435 3337 2704 3362 2706 3362 2937 3348 2940 3331 2940 3268 2871 3262 2868 3262 2784 3280 2735 3262 2733 3262 2731 3262 2637 3266 2513 3251 2511 3251 2451 3262 2308 3244 2306 3244 2148 3262 2046 3260 1980 3235 1977 3235 1975 3235 1973 3235 1915 3253 1653 3248 1611 3228 1608 3228 1606 3228 1486 3242 1295 3240 1266 3224 1264 3224 1262 3224 1206 3235 975 3211 973 3211 857 3224 775 3213 773 3213 655 3220 564 3200 344 3191 342 3191 340 3191 295 3202 195 3186 195 3246"/></Shape>
            <String CONTENT="de sujets d&#x27;amartume et de douleurs pour nor parenti, qui ne déviraient que le"
                    HPOS="193"
                    VPOS="3186"
                    WIDTH="2747"
                    HEIGHT="176"
                    WC="0.9751605708387834"></String>
          </TextLine>
          <TextLine ID="eSc_line_ab13d8aa"
                    TAGREFS="LT1202"
                    BASELINE="200 3368 915 3404 1631 3408 2960 3437" 
                    HPOS="197"
                    VPOS="3313"
                    WIDTH="2763"
                    HEIGHT="155">
            <Shape><Polygon POINTS="197 3395 522 3417 524 3417 584 3408 740 3428 1093 3435 1095 3435 1233 3424 1355 3442 1357 3442 1477 3431 1528 3446 1531 3446 1533 3446 1608 3437 1757 3453 1760 3453 1928 3437 2071 3457 2073 3457 2213 3444 2406 3468 2408 3468 2411 3468 2468 3453 2582 3464 2584 3464 2957 3460 2960 3437 2957 3391 2891 3393 2828 3375 2826 3375 2824 3375 2702 3391 2660 3371 2657 3371 2655 3371 2653 3371 2606 3382 2553 3368 2551 3368 2548 3368 2428 3384 2220 3382 2128 3360 2126 3360 1851 3371 1755 3348 1566 3344 1564 3344 1460 3357 1020 3353 933 3331 931 3331 928 3331 880 3346 757 3346 642 3322 640 3322 486 3337 446 3322 444 3322 202 3313 200 3368 197 3395"/></Shape>
            <String CONTENT="bonheur de leurs enfants; nos torts étaient fans doute reuproques, les mieus"
                    HPOS="197"
                    VPOS="3313"
                    WIDTH="2763"
                    HEIGHT="155"
                    WC="0.9934714258491218"></String>
          </TextLine>
          <TextLine ID="eSc_line_848459be"
                    TAGREFS="LT1202"
                    BASELINE="195 3468 546 3502 973 3520 2966 3557" 
                    HPOS="193"
                    VPOS="3426"
                    WIDTH="2773"
                    HEIGHT="167">
            <Shape><Polygon POINTS="195 3468 193 3513 377 3517 422 3537 424 3537 426 3537 526 3524 560 3542 562 3542 655 3546 657 3546 660 3546 713 3531 920 3551 922 3551 1102 3535 1277 3560 1280 3560 1326 3551 1444 3562 1446 3562 1555 3546 1633 3564 1635 3564 1788 3551 1864 3573 1866 3573 1868 3573 2117 3564 2191 3580 2193 3580 2255 3566 2286 3582 2288 3582 2362 3584 2364 3584 2560 3568 2733 3573 2797 3593 2800 3593 2802 3593 2964 3573 2966 3557 2966 3491 2842 3484 2840 3484 2837 3484 2768 3502 2728 3486 2726 3486 2724 3486 2544 3504 2435 3504 2364 3482 2362 3482 2360 3482 2262 3500 2166 3497 2086 3471 2084 3471 2082 3471 2080 3471 2031 3493 1931 3493 1855 3471 1853 3471 1851 3471 1806 3477 1764 3460 1762 3460 1660 3457 1657 3457 1588 3473 1484 3466 1482 3466 1480 3466 1444 3480 1402 3466 1400 3466 1397 3466 1395 3466 1362 3480 1160 3477 1111 3460 1108 3460 1106 3460 1057 3468 1015 3453 1013 3453 1011 3453 926 3468 757 3468 615 3442 613 3442 611 3442 575 3455 444 3431 195 3426 195 3468"/></Shape>
            <String CONTENT="étaient plus graves comme ainé, et je me les reprocherai toujours. La suite"
                    HPOS="193"
                    VPOS="3426"
                    WIDTH="2773"
                    HEIGHT="167"
                    WC="0.9855213420731681"></String>
          </TextLine>
          <TextLine ID="eSc_line_16dc2369"
                    TAGREFS="LT1202"
                    BASELINE="204 3593 977 3637 1813 3660 2964 3668" 
                    HPOS="202"
                    VPOS="3548"
                    WIDTH="2762"
                    HEIGHT="169">
            <Shape><Polygon POINTS="202 3635 286 3635 393 3666 395 3666 397 3666 611 3644 826 3657 868 3677 871 3677 873 3677 875 3677 915 3660 1020 3660 1068 3680 1071 3680 1073 3680 1155 3666 1255 3680 1257 3680 1473 3668 1675 3697 2133 3708 2135 3708 2380 3686 2562 3693 2624 3717 2626 3717 2628 3717 2735 3695 2866 3695 2920 3713 2922 3713 2924 3713 2926 3713 2962 3702 2964 3668 2962 3635 2828 3611 2826 3611 2691 3617 2411 3600 2408 3600 2311 3620 2175 3602 2173 3602 2106 3611 2075 3597 2073 3597 2071 3597 1993 3613 1835 3586 1833 3586 1677 3606 1588 3582 1586 3582 1584 3582 1531 3591 1491 3577 1488 3577 1486 3577 1357 3582 1355 3582 1306 3597 1126 3595 1006 3591 917 3564 915 3564 913 3564 797 3584 431 3577 206 3548 204 3593 202 3635"/></Shape>
            <String CONTENT="nous a prouve, et j&#x27;aurai occasion d&#x27;en parlee, que ce peu d&#x27;auord entre nous"
                    HPOS="202"
                    VPOS="3548"
                    WIDTH="2762"
                    HEIGHT="169"
                    WC="0.9752029962353892"></String>
          </TextLine>
          <TextLine ID="eSc_line_72ad050b"
                    TAGREFS="LT1202"
                    BASELINE="2768 3762 2888 3762" 
                    HPOS="2768"
                    VPOS="3700"
                    WIDTH="120"
                    HEIGHT="91">
            <Shape><Polygon POINTS="2768 3762 2768 3791 2888 3788 2888 3762 2886 3700 2768 3704 2768 3762"/></Shape>
            <String CONTENT=""
                    HPOS="2768"
                    VPOS="3700"
                    WIDTH="120"
                    HEIGHT="91"
                    ></String>
          </TextLine>
        </TextBlock>
      </PrintSpace>
    </Page>
  </Layout>
</alto>
